Year,Month,Day,Time,Temperature (F),Feels Like (F),Temp Min (F),Temp Max (F),Pressure,Humidity,Wind Speed,Wind Deg,Wind Gust,Clouds All,Rain (1h),Snow (1h),Weather Description
2024,11,10,17:00:00,76.46,77.52,74.88,78.31,1018,79,4.0,0,10.0,8,0.0,0,clear sky
2024,11,10,18:00:00,75.15,76.26,73.87,78.04,1019,83,4.0,127,5.99,8,0.0,0,clear sky
2024,11,10,19:00:00,77.13,78.06,75.88,77.86,1019,75,13.0,50,23.0,8,0.0,0,clear sky
2024,11,10,20:00:00,77.23,78.04,75.88,78.04,1020,72,13.0,50,28.99,6,0.0,0,clear sky
2024,11,10,21:00:00,77.76,78.48,75.88,78.62,1020,69,17.27,60,,20,0.0,0,few clouds
2024,11,10,22:00:00,75.18,76.06,73.87,77.31,1021,78,4.0,85,10.0,4,0.0,0,clear sky
2024,11,10,23:00:00,76.86,77.81,75.88,78.04,1020,76,11.01,60,,3,0.0,0,clear sky
2024,11,11,00:00:00,76.08,77.14,75.31,76.86,1020,80,11.01,60,,3,0.0,0,clear sky
2024,11,11,01:00:00,75.87,76.87,74.89,76.86,1019,79,8.99,50,,2,0.0,0,clear sky
2024,11,11,02:00:00,74.68,75.61,72.88,76.86,1019,80,8.99,50,,3,0.0,0,clear sky
2024,11,11,03:00:00,74.23,75.16,72.88,76.24,1018,81,4.0,124,8.99,2,0.0,0,clear sky
2024,11,11,04:00:00,74.62,75.63,72.88,76.86,1018,82,10.0,70,,2,0.0,0,clear sky
2024,11,11,05:00:00,74.14,75.2,72.88,75.31,1019,84,10.0,50,,5,0.0,0,clear sky
2024,11,11,06:00:00,74.77,75.94,74.3,76.24,1019,85,10.0,50,,11,0.11,0,light rain
2024,11,11,07:00:00,75.2,76.46,73.31,76.86,1020,86,13.0,80,,12,0.0,0,few clouds
2024,11,11,08:00:00,75.79,76.87,73.96,78.62,1020,81,9.22,70,,40,0.0,0,scattered clouds
2024,11,11,09:00:00,77.2,78.39,76.87,77.86,1020,80,10.0,50,,10,0.0,0,clear sky
2024,11,11,10:00:00,79.09,79.09,75.96,79.88,1020,76,11.99,50,,100,0.0,0,overcast clouds
2024,11,11,11:00:00,81.0,85.14,76.96,81.3,1020,73,3.0,104,8.99,7,0.0,0,clear sky
2024,11,11,12:00:00,82.35,86.41,79.84,83.86,1019,67,15.01,80,28.01,7,0.0,0,clear sky
2024,11,11,13:00:00,80.55,83.86,79.88,83.86,1018,70,18.01,90,28.99,9,0.0,0,clear sky
2024,11,11,14:00:00,79.56,79.56,78.87,81.64,1018,77,1.99,90,5.01,9,0.0,0,clear sky
2024,11,11,15:00:00,77.92,79.21,76.87,79.3,1018,81,3.0,48,5.99,30,0.0,0,scattered clouds
2024,11,11,16:00:00,78.66,79.84,76.87,81.86,1018,77,18.01,60,27.0,33,0.13,0,light rain
2024,11,11,17:00:00,75.99,77.34,74.88,78.31,1018,86,4.0,121,8.99,26,0.0,0,scattered clouds
2024,11,11,18:00:00,78.12,79.39,74.89,79.86,1019,80,13.0,70,,28,0.12,0,light rain
2024,11,11,19:00:00,77.13,78.35,75.88,77.86,1020,81,11.01,80,,30,0.13,0,light rain
2024,11,11,20:00:00,77.13,78.3,75.88,77.86,1020,80,11.99,70,,28,0.0,0,scattered clouds
2024,11,11,21:00:00,77.76,78.8,75.88,78.62,1021,76,13.8,70,21.85,40,0.0,0,scattered clouds
2024,11,11,22:00:00,77.13,78.12,75.88,77.86,1021,76,13.0,60,,13,0.0,0,few clouds
2024,11,11,23:00:00,75.61,76.59,73.87,77.31,1021,79,11.99,80,,12,0.0,0,few clouds
2024,11,12,00:00:00,75.96,76.96,74.86,77.31,1020,79,8.01,70,,13,0.0,0,few clouds
2024,11,12,01:00:00,76.42,77.38,75.88,76.86,1020,77,13.0,50,,13,0.0,0,few clouds
2024,11,12,02:00:00,76.19,77.13,74.89,76.86,1020,77,11.01,60,,8,0.0,0,clear sky
2024,11,12,03:00:00,76.19,77.13,74.89,76.86,1019,77,11.01,60,,11,0.0,0,few clouds
2024,11,12,04:00:00,75.36,76.26,74.86,76.3,1019,78,10.0,60,,11,0.0,0,few clouds
2024,11,12,05:00:00,74.01,74.97,72.88,75.31,1019,82,10.0,60,,13,0.0,0,few clouds
2024,11,12,06:00:00,71.74,72.84,70.88,73.89,1020,90,3.0,24,5.99,16,0.25,0,light rain
2024,11,12,07:00:00,73.0,74.19,71.87,75.31,1021,89,4.0,55,7.0,18,0.0,0,few clouds
2024,11,12,08:00:00,75.6,76.51,74.44,76.86,1021,78,13.0,70,21.0,14,0.0,0,few clouds
2024,11,12,09:00:00,79.16,79.16,76.89,80.42,1021,70,12.66,60,,40,0.0,0,scattered clouds
2024,11,12,10:00:00,79.41,79.41,78.87,80.31,1021,72,11.99,60,,52,0.0,0,broken clouds
2024,11,12,11:00:00,79.36,79.36,78.87,80.31,1020,72,3.0,351,7.0,65,0.0,0,broken clouds
2024,11,12,12:00:00,80.01,82.96,78.31,81.86,1019,70,18.01,60,27.0,72,0.0,0,broken clouds
2024,11,12,13:00:00,78.78,78.78,77.88,80.31,1018,78,3.0,123,7.0,78,0.0,0,broken clouds
2024,11,12,14:00:00,78.96,78.96,78.31,79.97,1018,76,4.0,6,10.0,65,0.0,0,broken clouds
2024,11,12,15:00:00,81.1,84.13,79.97,81.86,1018,66,20.0,60,31.0,79,0.0,0,broken clouds
2024,11,12,16:00:00,80.73,83.7,78.96,81.86,1018,67,20.0,60,31.0,56,0.0,0,broken clouds
2024,11,12,17:00:00,78.67,79.86,77.97,79.84,1018,77,22.59,66,30.36,42,0.0,0,scattered clouds
2024,11,12,18:00:00,74.64,75.7,73.87,76.96,1019,83,3.0,113,7.0,39,0.25,0,light rain
2024,11,12,19:00:00,74.62,75.78,73.87,76.3,1020,85,4.0,85,8.99,42,0.0,0,scattered clouds
2024,11,12,20:00:00,73.08,74.26,71.87,75.31,1020,89,3.0,0,5.99,11,1.02,0,moderate rain
2024,11,12,21:00:00,74.32,75.45,72.88,76.24,1021,85,12.66,90,,100,0.9,0,moderate rain
2024,11,12,22:00:00,74.8,75.79,72.88,76.86,1020,81,15.99,60,,5,0.0,0,clear sky
2024,11,12,23:00:00,76.3,77.29,74.44,76.86,1020,78,15.99,60,,5,0.0,0,clear sky
2024,11,13,00:00:00,73.81,74.8,72.88,74.97,1020,83,15.01,60,,6,0.0,0,clear sky
2024,11,13,01:00:00,75.34,76.33,73.87,76.86,1019,80,11.99,60,,5,0.0,0,clear sky
2024,11,13,02:00:00,75.34,76.3,73.87,76.86,1019,79,11.99,60,,8,0.0,0,clear sky
2024,11,13,03:00:00,75.63,76.57,72.64,76.86,1019,78,15.99,70,24.0,14,0.0,0,few clouds
2024,11,13,04:00:00,75.6,76.62,73.89,76.86,1019,80,15.99,70,24.0,21,0.13,0,light rain
2024,11,13,05:00:00,73.87,75.09,72.9,75.96,1019,88,11.01,60,21.0,28,0.13,0,light rain
2024,11,13,06:00:00,73.76,75.02,72.64,74.86,1019,89,17.0,80,23.0,28,0.16,0,light rain
2024,11,13,07:00:00,73.89,75.11,71.89,74.97,1020,88,17.0,80,23.0,35,0.1,0,light rain
2024,11,13,08:00:00,72.48,73.71,70.88,75.96,1020,91,15.99,50,27.0,64,0.25,0,light rain
2024,11,13,09:00:00,75.06,76.3,73.89,76.3,1020,86,15.01,60,24.0,75,0.3,0,light rain
2024,11,13,10:00:00,77.45,78.57,75.88,78.31,1021,78,15.01,60,,100,0.1,0,light rain
2024,11,13,11:00:00,76.39,77.67,75.87,77.31,1020,84,15.99,90,23.0,100,0.12,0,light rain
2024,11,13,12:00:00,76.55,77.67,74.88,79.97,1020,80,15.99,90,23.0,88,0.25,0,light rain
2024,11,13,13:00:00,81.77,84.83,79.84,83.86,1019,64,21.0,60,28.99,75,0.0,0,broken clouds
2024,11,13,14:00:00,80.15,83.86,79.9,80.31,1018,75,23.98,67,27.92,68,0.0,0,broken clouds
2024,11,13,15:00:00,80.49,83.62,78.96,81.86,1018,69,18.01,60,28.01,48,0.0,0,scattered clouds
2024,11,13,16:00:00,78.55,79.77,77.97,78.89,1018,78,24.81,67,28.32,40,0.0,0,scattered clouds
2024,11,13,17:00:00,79.09,79.09,77.97,79.86,1018,71,24.0,50,32.01,30,0.0,0,scattered clouds
2024,11,13,18:00:00,77.14,78.13,76.89,77.31,1018,76,24.05,67,29.8,24,0.0,0,few clouds
2024,11,13,19:00:00,77.18,77.99,75.88,77.86,1019,72,13.0,60,,21,0.0,0,few clouds
2024,11,13,20:00:00,77.43,78.31,76.89,77.86,1020,73,18.01,60,28.01,24,0.0,0,few clouds
2024,11,13,21:00:00,77.4,78.26,74.89,78.62,1020,73,17.27,50,33.38,40,0.0,0,scattered clouds
2024,11,13,22:00:00,76.68,77.85,75.88,77.31,1020,81,26.51,70,34.47,10,0.0,0,clear sky
2024,11,13,23:00:00,77.05,78.26,76.24,77.31,1020,81,25.9,69,33.82,10,0.0,0,clear sky
2024,11,14,00:00:00,76.68,77.85,75.88,77.31,1019,81,26.11,71,33.69,13,0.0,0,few clouds
2024,11,14,01:00:00,76.75,77.74,75.88,77.31,1019,77,18.01,50,25.01,14,0.0,0,few clouds
2024,11,14,02:00:00,76.51,77.54,74.89,77.31,1019,78,17.0,60,,25,0.0,0,scattered clouds
2024,11,14,03:00:00,74.19,75.25,72.88,76.3,1018,84,3.0,134,10.0,100,0.0,0,overcast clouds
2024,11,14,04:00:00,73.72,74.79,72.88,75.96,1018,85,4.0,141,11.99,68,0.0,0,broken clouds
2024,11,14,05:00:00,74.35,75.52,72.9,76.3,1018,86,4.0,73,14.0,51,0.0,0,broken clouds
2024,11,14,06:00:00,75.96,77.14,74.44,76.3,1019,83,27.51,73,35.23,42,0.0,0,scattered clouds
2024,11,14,07:00:00,75.78,77.0,74.89,76.3,1019,84,27.47,73,35.1,36,0.0,0,scattered clouds
2024,11,14,08:00:00,75.02,76.17,73.87,77.88,1019,84,5.99,354,13.0,25,0.0,0,scattered clouds
2024,11,14,09:00:00,78.62,79.81,74.97,80.42,1020,77,18.41,60,33.38,40,0.3,0,light rain
2024,11,14,10:00:00,74.1,75.43,72.88,75.96,1020,90,5.01,0,11.99,9,0.51,0,light rain
2024,11,14,11:00:00,75.24,76.64,73.87,78.62,1020,89,21.85,90,31.07,75,0.25,0,moderate rain
2024,11,14,12:00:00,75.96,77.4,74.89,78.04,1019,88,28.52,69,32.86,13,0.0,0,few clouds
2024,11,14,13:00:00,76.69,78.1,76.3,78.04,1019,86,28.14,68,32.39,19,0.0,0,few clouds
2024,11,14,14:00:00,77.58,78.84,75.88,79.84,1018,81,29.15,69,34.4,19,0.0,0,few clouds
2024,11,14,15:00:00,78.84,78.84,77.88,79.84,1018,78,28.27,70,33.55,16,0.0,0,few clouds
2024,11,14,16:00:00,78.67,79.66,77.97,79.84,1018,73,27.83,70,33.2,13,0.0,0,few clouds
2024,11,14,17:00:00,78.48,79.18,77.31,79.86,1018,67,23.0,60,40.0,10,0.0,0,clear sky
2024,11,14,18:00:00,78.01,78.66,75.88,79.86,1019,67,23.0,60,40.0,8,0.0,0,clear sky
2024,11,14,19:00:00,76.91,77.68,75.88,78.04,1019,72,15.01,60,32.99,6,0.0,0,clear sky
2024,11,14,20:00:00,76.91,77.54,75.88,78.04,1019,69,13.0,70,32.99,5,0.0,0,clear sky
2024,11,14,21:00:00,76.51,77.34,75.88,78.04,1019,74,15.99,40,34.0,0,0.0,0,clear sky
2024,11,14,22:00:00,76.41,77.13,75.88,76.86,1019,72,8.01,70,,0,0.0,0,clear sky
2024,11,14,23:00:00,76.42,77.05,75.88,76.86,1019,70,18.01,60,31.0,0,0.0,0,clear sky
2024,11,15,00:00:00,76.42,77.11,75.88,76.86,1019,71,18.01,60,31.0,0,0.0,0,clear sky
2024,11,15,01:00:00,75.65,76.59,74.86,76.3,1018,78,10.0,70,21.0,0,0.0,0,clear sky
2024,11,15,02:00:00,76.14,77.22,74.97,76.3,1018,80,27.04,74,34.96,1,0.0,0,clear sky
2024,11,15,03:00:00,75.42,76.19,74.86,76.3,1018,75,18.01,70,27.0,1,0.0,0,clear sky
2024,11,15,04:00:00,75.36,76.17,74.86,76.3,1018,76,11.99,50,25.01,23,0.0,0,few clouds
2024,11,15,05:00:00,75.83,76.73,74.89,76.86,1018,77,13.0,50,20.0,27,0.0,0,scattered clouds
2024,11,15,06:00:00,75.87,76.73,74.89,76.86,1018,76,13.0,50,20.0,29,0.0,0,scattered clouds
2024,11,15,07:00:00,75.61,76.44,74.86,76.3,1019,76,13.0,50,21.0,24,0.0,0,few clouds
2024,11,15,08:00:00,76.75,77.59,75.88,77.31,1020,74,10.0,70,,12,0.0,0,few clouds
2024,11,15,09:00:00,79.32,79.32,76.89,80.42,1020,66,20.71,60,26.46,40,0.0,0,scattered clouds
2024,11,15,10:00:00,78.26,79.27,77.88,79.97,1020,74,4.0,118,8.99,1,0.0,0,clear sky
2024,11,15,11:00:00,78.19,79.23,77.31,79.97,1019,75,7.0,99,13.0,0,0.0,0,clear sky
2024,11,15,12:00:00,81.0,84.96,79.84,81.3,1019,72,26.04,75,32.39,1,0.0,0,clear sky
2024,11,15,13:00:00,82.53,85.19,80.89,83.86,1018,60,24.0,60,35.01,2,0.0,0,clear sky
2024,11,15,14:00:00,79.12,79.12,77.88,81.64,1017,70,8.01,348,11.99,2,0.0,0,clear sky
2024,11,15,15:00:00,77.99,78.93,76.87,80.31,1017,73,5.99,42,17.0,0,0.0,0,clear sky
2024,11,15,16:00:00,77.18,78.12,75.87,79.3,1017,75,5.01,123,11.99,0,0.0,0,clear sky
2024,11,15,17:00:00,78.84,78.84,77.88,79.86,1017,69,18.99,60,27.0,0,0.0,0,clear sky
2024,11,15,18:00:00,76.73,77.81,75.88,77.31,1018,79,24.27,77,31.21,0,0.0,0,clear sky
2024,11,15,19:00:00,77.18,77.99,75.88,77.86,1019,72,18.99,60,31.0,0,0.0,0,clear sky
2024,11,15,20:00:00,77.18,77.99,75.88,77.86,1019,72,18.99,70,27.0,0,0.0,0,clear sky
2024,11,15,21:00:00,77.18,77.94,75.88,77.86,1019,71,25.99,60,35.99,0,0.0,0,clear sky
2024,11,15,22:00:00,76.53,77.32,74.89,77.31,1019,73,18.99,60,28.99,0,0.0,0,clear sky
2024,11,15,23:00:00,76.78,77.59,75.88,77.31,1019,73,18.99,60,28.01,1,0.0,0,clear sky
2024,11,16,00:00:00,76.42,77.25,75.88,76.86,1019,74,18.99,60,28.01,1,0.0,0,clear sky
2024,11,16,01:00:00,76.42,77.2,75.88,76.86,1019,73,17.0,60,,2,0.0,0,clear sky
2024,11,16,02:00:00,76.42,77.2,75.88,76.86,1019,73,17.0,60,,1,0.0,0,clear sky
2024,11,16,03:00:00,76.19,76.95,74.89,76.86,1018,73,25.01,70,34.0,10,0.0,0,clear sky
2024,11,16,04:00:00,75.36,76.08,74.86,76.3,1018,74,18.01,60,,14,0.0,0,few clouds
2024,11,16,05:00:00,75.36,76.12,74.86,76.3,1019,75,23.0,60,,14,0.0,0,few clouds
2024,11,16,06:00:00,76.19,76.95,74.89,76.86,1019,73,18.99,50,28.01,12,0.0,0,few clouds
2024,11,16,07:00:00,76.42,77.29,75.88,76.86,1020,75,17.0,60,25.99,10,0.0,0,clear sky
2024,11,16,08:00:00,77.59,78.58,76.89,78.62,1020,75,17.0,60,,9,0.0,0,clear sky
2024,11,16,09:00:00,79.66,79.66,77.88,80.42,1020,66,20.71,60,33.38,20,0.0,0,few clouds
2024,11,16,10:00:00,79.88,79.88,78.87,81.86,1021,70,15.01,70,28.01,2,0.0,0,clear sky
2024,11,16,11:00:00,82.49,86.67,80.96,83.86,1020,67,17.0,60,28.01,1,0.0,0,clear sky
2024,11,16,12:00:00,80.1,83.75,78.87,81.9,1020,75,7.0,341,20.0,1,0.0,0,clear sky
2024,11,16,13:00:00,79.57,79.57,78.96,79.9,1019,80,25.46,73,28.36,1,0.0,0,clear sky
2024,11,16,14:00:00,80.78,84.25,78.96,81.86,1018,70,25.01,70,32.99,1,0.0,0,clear sky
2024,11,16,15:00:00,76.53,77.59,75.87,79.84,1018,79,5.99,147,11.99,2,0.0,0,clear sky
2024,11,16,16:00:00,76.35,77.49,74.89,78.31,1018,81,5.99,31,13.0,2,0.0,0,clear sky
2024,11,16,17:00:00,75.15,76.17,73.87,78.31,1019,81,5.99,341,14.0,3,0.0,0,clear sky
2024,11,16,18:00:00,75.15,75.97,73.87,78.04,1019,77,5.99,66,15.01,3,0.0,0,clear sky
2024,11,16,19:00:00,77.13,77.92,75.88,77.86,1020,72,17.0,60,32.01,3,0.0,0,clear sky
2024,11,16,20:00:00,77.13,77.88,75.88,77.86,1020,71,17.0,60,32.01,4,0.0,0,clear sky
2024,11,16,21:00:00,76.42,76.91,74.89,76.86,1021,67,15.01,60,,20,0.0,0,few clouds
2024,11,16,22:00:00,76.53,77.04,74.89,77.31,1021,67,23.0,70,35.01,1,0.0,0,clear sky
2024,11,16,23:00:00,76.19,76.71,74.89,76.86,1020,68,17.0,80,24.0,1,0.0,0,clear sky
2024,11,17,00:00:00,76.19,76.75,74.89,76.86,1020,69,17.0,80,24.0,0,0.0,0,clear sky
2024,11,17,01:00:00,73.99,74.52,72.88,75.96,1020,73,15.01,70,23.0,0,0.0,0,clear sky
2024,11,17,02:00:00,73.92,74.77,72.88,75.31,1019,80,4.0,85,11.01,0,0.0,0,clear sky
2024,11,17,03:00:00,74.23,75.02,72.88,76.24,1019,78,13.0,60,24.0,16,0.0,0,few clouds
2024,11,17,04:00:00,73.62,74.44,71.87,76.24,1019,80,13.0,60,24.0,12,0.0,0,few clouds
2024,11,17,05:00:00,71.29,72.16,69.87,73.89,1019,86,4.0,56,11.01,9,0.0,0,clear sky
2024,11,17,06:00:00,74.16,75.16,73.89,74.44,1020,83,24.9,77,31.0,7,0.0,0,clear sky
2024,11,17,07:00:00,72.3,73.22,70.88,74.44,1020,85,5.99,0,11.01,7,0.0,0,clear sky
2024,11,17,08:00:00,73.69,74.61,72.88,75.96,1021,82,3.0,87,10.0,6,0.0,0,clear sky
2024,11,17,09:00:00,77.45,78.22,75.88,78.62,1021,71,12.66,60,25.32,40,0.0,0,scattered clouds
2024,11,17,10:00:00,76.78,77.77,76.3,78.04,1021,77,5.99,62,11.01,14,0.0,0,few clouds
2024,11,17,11:00:00,78.26,79.36,77.88,79.3,1021,76,4.0,39,8.99,11,0.0,0,few clouds
2024,11,17,12:00:00,79.23,79.23,78.04,80.89,1020,76,25.93,76,28.81,9,0.0,0,clear sky
2024,11,17,13:00:00,78.42,79.45,77.88,79.9,1019,74,3.0,113,8.99,8,0.0,0,clear sky
2024,11,17,14:00:00,78.57,79.59,76.87,80.89,1019,74,5.99,141,13.0,7,0.0,0,clear sky
2024,11,17,15:00:00,75.0,76.1,74.88,77.97,1018,83,5.01,0,10.0,1,0.0,0,clear sky
2024,11,17,16:00:00,75.67,76.64,74.88,76.89,1018,79,4.0,80,11.01,1,0.0,0,clear sky
2024,11,17,17:00:00,75.24,76.26,73.87,78.04,1018,81,4.0,73,11.01,1,0.0,0,clear sky
2024,11,17,18:00:00,73.78,74.86,72.88,76.24,1019,85,3.0,68,8.99,3,0.0,0,clear sky
2024,11,17,19:00:00,75.6,76.62,74.44,76.3,1019,80,27.56,70,33.73,4,0.0,0,clear sky
2024,11,17,20:00:00,76.14,77.22,75.88,76.3,1020,80,26.69,75,34.23,5,0.0,0,clear sky
2024,11,17,21:00:00,76.48,77.31,75.88,76.82,1020,74,12.66,70,,20,0.0,0,few clouds
2024,11,17,22:00:00,75.6,76.62,74.44,76.3,1020,80,26.15,75,33.31,8,0.0,0,clear sky
2024,11,17,23:00:00,74.12,75.04,72.88,75.88,1020,81,4.0,116,10.0,8,0.0,0,clear sky
2024,11,18,00:00:00,74.7,75.81,73.89,75.31,1020,84,23.6,81,29.42,7,0.0,0,clear sky
2024,11,18,01:00:00,73.8,74.97,72.9,74.97,1019,87,21.47,83,26.89,7,0.0,0,clear sky
2024,11,18,02:00:00,73.15,74.07,71.87,75.31,1019,83,4.0,106,11.01,7,0.0,0,clear sky
2024,11,18,03:00:00,71.94,72.93,70.88,74.97,1018,87,4.0,336,10.0,12,0.0,0,few clouds
2024,11,18,04:00:00,73.08,73.94,71.87,74.97,1018,82,18.01,50,27.0,12,0.0,0,few clouds
2024,11,18,05:00:00,73.08,73.94,70.97,74.86,1018,82,15.01,60,25.01,13,0.0,0,few clouds
2024,11,18,06:00:00,73.54,74.41,71.87,75.31,1019,81,15.01,60,25.01,12,0.0,0,few clouds
2024,11,18,07:00:00,73.24,74.07,71.87,74.86,1019,81,11.99,70,,11,0.0,0,few clouds
2024,11,18,08:00:00,73.6,74.55,72.64,74.97,1020,83,5.01,110,10.0,10,0.0,0,clear sky
2024,11,18,09:00:00,75.99,77.0,75.87,76.3,1020,79,5.01,106,10.0,11,0.0,0,few clouds
2024,11,18,10:00:00,78.19,79.0,77.88,79.86,1020,70,11.01,70,,21,0.0,0,few clouds
2024,11,18,11:00:00,79.95,79.95,77.88,81.86,1020,68,18.01,80,27.0,20,0.0,0,few clouds
2024,11,18,12:00:00,80.94,83.88,79.88,81.9,1020,66,18.01,80,27.0,16,0.0,0,few clouds
2024,11,18,13:00:00,82.83,86.32,81.9,83.86,1019,63,18.99,50,28.01,13,0.0,0,few clouds
2024,11,18,14:00:00,79.3,79.3,77.88,81.9,1018,73,4.0,111,13.0,4,0.0,0,clear sky
2024,11,18,15:00:00,79.11,79.11,77.88,80.89,1017,74,4.0,30,10.0,0,0.0,0,clear sky
2024,11,18,16:00:00,77.74,78.73,75.87,80.89,1018,75,5.01,92,10.0,0,0.0,0,clear sky
2024,11,18,17:00:00,78.96,78.96,76.96,79.9,1018,70,15.01,60,25.99,0,0.0,0,clear sky
2024,11,18,18:00:00,76.53,77.68,75.96,76.89,1018,81,20.45,69,22.41,1,0.0,0,clear sky
2024,11,18,19:00:00,76.42,77.34,74.97,76.86,1019,76,15.99,50,24.0,1,0.0,0,clear sky
2024,11,18,20:00:00,76.84,77.7,75.88,77.86,1020,74,10.0,70,,1,0.0,0,clear sky
2024,11,18,21:00:00,76.41,77.09,75.02,76.86,1020,71,11.5,80,,20,0.0,0,few clouds
2024,11,18,22:00:00,76.42,77.25,75.88,76.86,1020,74,10.0,80,,9,0.0,0,clear sky
2024,11,18,23:00:00,76.42,77.25,75.88,76.86,1020,74,10.0,70,18.99,8,0.0,0,clear sky
2024,11,19,00:00:00,76.19,77.04,74.89,76.86,1019,75,10.0,70,18.99,7,0.0,0,clear sky
2024,11,19,01:00:00,74.35,75.16,72.88,76.3,1019,78,5.99,80,,6,0.0,0,clear sky
2024,11,19,02:00:00,74.79,75.69,73.89,75.31,1018,79,8.99,70,,7,0.0,0,clear sky
2024,11,19,03:00:00,73.58,74.35,71.87,75.31,1018,79,8.99,70,,12,0.0,0,few clouds
2024,11,19,04:00:00,73.35,74.14,71.87,74.97,1018,80,11.01,70,,13,0.0,0,few clouds
2024,11,19,05:00:00,73.47,74.32,71.87,75.31,1017,81,10.0,50,,10,0.0,0,clear sky
2024,11,19,06:00:00,73.15,73.98,71.42,74.86,1018,81,10.0,50,,20,0.0,0,few clouds
2024,11,19,07:00:00,73.06,73.87,71.42,75.02,1018,81,9.22,50,16.11,20,0.0,0,few clouds
2024,11,19,08:00:00,75.29,76.23,73.89,76.86,1018,79,10.0,50,,6,0.0,0,clear sky
2024,11,19,09:00:00,78.39,79.3,75.31,80.42,1019,72,15.01,70,24.0,40,0.0,0,scattered clouds
2024,11,19,10:00:00,77.88,79.0,76.3,79.86,1019,77,13.0,60,,24,0.0,0,few clouds
2024,11,19,11:00:00,77.65,78.78,75.31,79.97,1018,78,18.99,60,25.01,100,0.0,0,haze
2024,11,19,12:00:00,79.34,79.34,76.96,79.9,1017,75,18.99,60,25.01,22,0.0,0,few clouds
2024,11,19,13:00:00,79.72,79.72,77.88,81.64,1016,76,1.99,31,5.99,20,0.0,0,few clouds
2024,11,19,14:00:00,80.08,83.59,78.89,81.3,1015,74,3.0,100,5.99,12,0.0,0,few clouds
2024,11,19,15:00:00,78.55,79.72,77.88,80.31,1015,77,3.0,97,8.99,13,0.0,0,few clouds
2024,11,19,16:00:00,76.17,77.49,75.87,79.84,1015,85,3.0,326,8.99,12,0.0,0,few clouds
2024,11,19,17:00:00,75.63,76.66,72.9,78.62,1016,80,10.0,50,,75,0.0,0,broken clouds
2024,11,19,18:00:00,73.85,74.98,72.88,76.3,1016,86,3.0,104,7.0,11,0.0,0,few clouds
2024,11,19,19:00:00,73.54,74.64,72.88,75.31,1017,86,4.0,107,5.99,10,0.0,0,clear sky
2024,11,19,20:00:00,74.52,75.52,72.88,76.86,1017,82,11.99,60,,7,0.11,0,light rain
2024,11,19,21:00:00,75.42,76.37,73.87,76.86,1018,79,13.8,70,25.32,20,0.0,0,few clouds
2024,11,19,22:00:00,74.53,75.49,72.88,76.86,1018,81,13.0,70,25.01,26,0.0,0,scattered clouds
2024,11,19,23:00:00,74.86,76.14,72.9,76.3,1018,87,18.45,75,21.81,27,0.0,0,scattered clouds
2024,11,20,00:00:00,74.53,75.49,72.9,75.31,1017,81,5.99,60,,32,0.0,0,scattered clouds
2024,11,20,01:00:00,74.53,75.4,72.9,75.31,1017,79,11.01,60,,39,0.0,0,scattered clouds
2024,11,20,02:00:00,72.68,73.36,70.88,74.86,1017,79,11.99,60,,17,0.0,0,few clouds
2024,11,20,03:00:00,73.6,74.17,71.89,74.86,1016,75,11.99,60,,71,0.0,0,broken clouds
2024,11,20,04:00:00,71.11,71.64,70.86,72.97,1016,79,1.01,124,5.99,42,0.0,0,scattered clouds
2024,11,20,05:00:00,71.11,71.69,69.87,73.96,1016,80,1.01,353,4.0,32,0.0,0,scattered clouds
2024,11,20,06:00:00,70.92,71.42,69.87,73.96,1017,79,14.97,57,18.34,39,0.0,0,scattered clouds
2024,11,20,07:00:00,70.92,71.42,69.87,73.96,1017,79,1.99,118,4.0,51,0.0,0,broken clouds
2024,11,20,08:00:00,74.7,75.25,73.87,75.96,1017,72,15.01,70,25.01,46,0.0,0,scattered clouds
2024,11,20,09:00:00,77.41,77.95,75.87,78.62,1017,66,13.8,80,,20,0.0,0,few clouds
2024,11,20,10:00:00,78.67,79.39,77.86,80.31,1017,67,13.0,80,,4,0.0,0,clear sky
2024,11,20,11:00:00,79.65,79.65,78.87,80.96,1017,69,1.99,148,13.0,3,0.0,0,clear sky
2024,11,20,12:00:00,80.8,83.21,79.88,81.86,1016,63,18.99,60,27.0,2,0.0,0,clear sky
2024,11,20,13:00:00,80.65,82.89,78.87,82.89,1015,62,18.99,60,27.0,2,0.0,0,clear sky
2024,11,20,14:00:00,79.11,79.11,78.31,80.89,1014,70,3.0,140,5.99,2,0.0,0,clear sky
2024,11,20,15:00:00,79.11,79.11,77.88,80.89,1014,70,1.99,348,10.0,0,0.0,0,clear sky
2024,11,20,16:00:00,77.56,78.4,75.87,79.9,1014,72,1.01,10,5.01,0,0.0,0,clear sky
2024,11,20,17:00:00,78.73,78.73,75.96,79.86,1015,67,18.99,70,28.01,1,0.0,0,clear sky
2024,11,20,18:00:00,74.19,75.02,72.88,76.3,1015,79,3.0,133,8.99,1,0.0,0,clear sky
2024,11,20,19:00:00,73.72,74.61,72.88,75.31,1016,81,3.0,148,5.01,3,0.0,0,clear sky
2024,11,20,20:00:00,75.13,75.96,73.89,76.3,1016,77,10.0,70,,2,0.0,0,clear sky
2024,11,20,21:00:00,73.4,74.19,70.84,75.31,1017,80,9.22,50,,20,0.0,0,few clouds
2024,11,20,22:00:00,74.79,75.54,73.89,75.31,1017,76,13.0,40,25.01,32,0.0,0,scattered clouds
2024,11,20,23:00:00,74.79,75.49,73.89,75.31,1017,75,11.01,70,,30,0.0,0,scattered clouds
2024,11,21,00:00:00,74.43,75.09,73.89,74.97,1017,75,11.01,70,,25,0.0,0,scattered clouds
2024,11,21,01:00:00,73.83,74.35,72.9,74.86,1017,73,11.01,70,,21,0.0,0,few clouds
2024,11,21,02:00:00,72.07,72.55,70.88,74.86,1016,76,11.01,70,,8,0.0,0,clear sky
2024,11,21,03:00:00,70.75,71.44,69.31,70.88,1016,83,1.01,93,4.0,0,0.0,0,clear sky
2024,11,21,04:00:00,69.71,70.14,68.86,69.89,1016,80,5.01,30,,0,0.0,0,clear sky
2024,11,21,05:00:00,70.09,70.61,68.86,72.97,1016,81,5.01,30,,0,0.0,0,clear sky
2024,11,21,06:00:00,70.88,71.62,70.88,73.96,1017,84,1.99,78,5.99,1,0.0,0,clear sky
2024,11,21,07:00:00,70.83,71.51,68.86,73.96,1018,83,4.0,300,,2,0.0,0,clear sky
2024,11,21,08:00:00,72.23,72.86,68.86,75.96,1018,79,3.0,133,10.0,2,0.0,0,clear sky
2024,11,21,09:00:00,77.41,78.01,75.87,78.89,1018,67,5.75,0,,40,0.0,0,scattered clouds
2024,11,21,10:00:00,77.76,78.42,76.24,79.9,1018,68,1.99,162,7.0,4,0.0,0,clear sky
2024,11,21,11:00:00,80.1,82.27,78.87,81.9,1018,63,1.99,154,7.0,9,0.0,0,clear sky
2024,11,21,12:00:00,79.83,79.83,78.87,81.9,1017,62,1.99,97,13.0,15,0.0,0,few clouds
2024,11,21,13:00:00,79.83,79.83,78.87,81.9,1017,64,1.99,104,7.0,25,0.0,0,scattered clouds
2024,11,21,14:00:00,79.11,79.11,77.88,80.89,1016,65,1.99,120,5.01,12,0.0,0,few clouds
2024,11,21,15:00:00,80.38,82.15,78.31,81.86,1015,59,17.0,40,25.99,9,0.0,0,clear sky
2024,11,21,16:00:00,78.96,78.96,77.97,79.9,1016,69,14.12,60,14.27,11,0.0,0,few clouds
2024,11,21,17:00:00,76.95,77.68,75.96,77.88,1016,71,13.62,58,13.87,12,0.0,0,few clouds
2024,11,21,18:00:00,74.73,75.29,73.89,75.31,1017,72,12.62,56,14.16,25,0.0,0,scattered clouds
2024,11,21,19:00:00,72.46,72.93,70.88,75.31,1017,75,11.52,58,14.2,40,0.0,0,scattered clouds
2024,11,21,20:00:00,74.19,74.55,72.9,74.97,1018,69,8.99,60,18.99,49,0.0,0,scattered clouds
2024,11,21,21:00:00,73.0,73.26,69.62,75.02,1018,69,8.05,70,,20,0.0,0,few clouds
2024,11,21,22:00:00,72.07,72.41,70.88,74.3,1018,73,1.99,124,5.01,88,0.0,0,overcast clouds
2024,11,21,23:00:00,71.38,71.71,70.86,73.96,1018,74,4.0,310,,92,0.0,0,overcast clouds
2024,11,22,00:00:00,70.83,71.13,70.3,70.9,1018,75,4.0,310,,94,0.0,0,overcast clouds
2024,11,22,01:00:00,69.69,70.03,68.86,69.89,1017,78,1.01,37,3.0,95,0.0,0,overcast clouds
2024,11,22,02:00:00,69.62,70.09,68.88,73.96,1017,81,1.01,128,3.0,85,0.0,0,overcast clouds
2024,11,22,03:00:00,69.37,69.85,67.89,73.96,1017,82,1.01,149,8.99,85,0.0,0,overcast clouds
2024,11,22,04:00:00,68.63,69.1,67.89,71.96,1017,83,1.01,31,5.01,66,0.0,0,broken clouds
2024,11,22,05:00:00,68.36,68.79,66.88,69.96,1017,83,1.99,52,5.01,73,0.0,0,broken clouds
2024,11,22,06:00:00,69.87,70.32,67.96,69.89,1018,80,1.01,185,4.0,70,0.0,0,broken clouds
2024,11,22,07:00:00,69.26,69.64,66.96,69.89,1018,80,5.99,290,,61,0.0,0,broken clouds
2024,11,22,08:00:00,70.72,71.2,67.86,72.9,1019,79,5.99,290,,68,0.0,0,broken clouds
2024,11,22,09:00:00,75.33,75.85,74.3,77.88,1019,70,5.75,0,,40,0.0,0,scattered clouds
2024,11,22,10:00:00,76.91,77.54,76.3,77.88,1019,69,1.99,142,5.01,78,0.0,0,broken clouds
2024,11,22,11:00:00,79.65,79.65,77.97,80.89,1018,65,1.99,61,4.0,85,0.0,0,overcast clouds
2024,11,22,12:00:00,77.83,78.51,76.87,79.9,1018,68,1.01,180,4.0,89,0.0,0,overcast clouds
2024,11,22,13:00:00,80.1,82.38,78.96,81.9,1017,64,1.01,172,3.0,91,0.0,0,overcast clouds
2024,11,22,14:00:00,79.56,79.56,78.87,81.9,1016,65,1.01,159,4.0,93,0.0,0,overcast clouds
2024,11,22,15:00:00,77.83,78.51,76.87,79.9,1016,68,6.53,78,7.16,100,0.0,0,overcast clouds
2024,11,22,16:00:00,77.92,78.42,77.31,78.89,1016,64,8.99,150,,100,0.0,0,overcast clouds
2024,11,22,17:00:00,76.14,76.84,75.88,76.3,1016,72,6.67,78,6.78,100,0.0,0,overcast clouds
2024,11,22,18:00:00,72.19,72.64,70.88,74.3,1017,75,6.26,71,6.76,99,0.0,0,overcast clouds
2024,11,22,19:00:00,71.46,71.96,69.96,72.3,1018,78,5.64,58,6.02,99,0.0,0,overcast clouds
2024,11,22,20:00:00,70.18,70.7,68.97,70.9,1018,81,1.01,86,4.0,99,0.0,0,overcast clouds
2024,11,22,21:00:00,69.82,70.27,69.31,69.89,1018,80,1.01,109,1.99,100,0.0,0,overcast clouds
2024,11,22,22:00:00,70.02,70.34,68.88,70.86,1018,77,3.0,330,,100,0.0,0,overcast clouds
2024,11,22,23:00:00,69.91,70.3,68.31,70.86,1018,79,3.0,330,,100,0.0,0,overcast clouds
2024,11,23,00:00:00,68.72,69.24,67.96,68.88,1018,84,6.93,61,7.92,94,0.0,0,overcast clouds
2024,11,23,01:00:00,68.88,69.19,67.89,68.88,1017,79,6.93,66,8.14,95,0.0,0,overcast clouds
2024,11,23,02:00:00,68.88,69.37,67.89,68.88,1017,83,6.42,78,7.58,98,0.0,0,overcast clouds
2024,11,23,03:00:00,68.88,69.46,66.88,68.88,1017,85,5.73,67,6.87,100,0.0,0,overcast clouds
2024,11,23,04:00:00,69.57,70.18,65.89,69.87,1016,84,4.0,330,,100,0.0,0,overcast clouds
2024,11,23,05:00:00,68.72,69.24,66.88,68.88,1016,84,5.01,330,,98,0.0,0,overcast clouds
2024,11,23,06:00:00,68.72,69.19,66.88,68.88,1017,83,5.01,330,,98,0.0,0,overcast clouds
2024,11,23,07:00:00,67.57,68.07,65.86,67.87,1017,86,4.0,330,,92,0.0,0,overcast clouds
2024,11,23,08:00:00,70.75,71.33,68.86,71.87,1018,81,3.0,360,,85,0.0,0,overcast clouds
2024,11,23,09:00:00,73.92,74.59,71.31,75.87,1018,76,5.01,330,,71,0.0,0,broken clouds
2024,11,23,10:00:00,78.57,79.23,77.86,78.89,1018,66,3.0,280,,79,0.0,0,broken clouds
2024,11,23,11:00:00,79.88,79.88,79.86,79.97,1017,61,1.01,200,4.0,85,0.0,0,overcast clouds
2024,11,23,12:00:00,78.57,79.36,77.88,80.89,1016,69,1.01,161,3.0,88,0.0,0,overcast clouds
2024,11,23,13:00:00,80.1,82.27,78.31,80.89,1015,63,8.99,180,,89,0.0,0,overcast clouds
2024,11,23,14:00:00,79.27,79.27,77.86,79.9,1015,66,11.99,220,,64,0.0,0,broken clouds
2024,11,23,15:00:00,79.27,79.27,77.86,79.9,1014,64,11.99,220,,77,0.0,0,broken clouds
2024,11,23,16:00:00,78.24,78.87,77.86,79.9,1015,66,8.99,240,,88,0.0,0,overcast clouds
2024,11,23,17:00:00,75.61,76.12,73.87,77.86,1015,69,8.99,230,,84,0.0,0,broken clouds
2024,11,23,18:00:00,72.39,73.0,71.87,74.97,1015,78,1.01,37,4.0,71,0.0,0,broken clouds
2024,11,23,19:00:00,72.36,72.77,70.88,74.86,1016,74,5.01,20,,64,0.0,0,broken clouds
2024,11,23,20:00:00,70.95,71.28,69.87,72.86,1017,75,5.01,20,,62,0.0,0,broken clouds
2024,11,23,21:00:00,70.36,70.66,68.97,70.9,1017,76,3.0,40,,39,0.0,0,scattered clouds
2024,11,23,22:00:00,69.37,69.71,68.88,70.9,1017,79,5.55,60,6.31,44,0.0,0,scattered clouds
2024,11,23,23:00:00,68.97,69.28,66.96,69.89,1017,79,4.0,320,,57,0.0,0,broken clouds
2024,11,24,00:00:00,68.88,69.13,68.86,68.88,1017,78,4.0,320,,55,0.0,0,broken clouds
2024,11,24,01:00:00,67.87,68.07,67.86,69.89,1016,79,4.0,320,,46,0.0,0,scattered clouds
2024,11,24,02:00:00,67.87,68.07,66.88,67.87,1016,79,4.0,320,,18,0.0,0,few clouds
2024,11,24,03:00:00,66.7,66.92,65.86,66.87,1015,82,3.0,350,,0,0.0,0,clear sky
2024,11,24,04:00:00,66.7,66.92,65.86,66.88,1015,82,4.0,330,,0,0.0,0,clear sky
2024,11,24,05:00:00,66.7,66.88,65.86,66.88,1015,81,3.0,320,,0,0.0,0,clear sky
2024,11,24,06:00:00,67.57,67.73,65.86,67.89,1016,79,3.0,320,,0,0.0,0,clear sky
2024,11,24,07:00:00,66.67,66.85,65.86,66.87,1016,81,3.0,330,,20,0.0,0,few clouds
2024,11,24,08:00:00,68.5,68.81,67.86,68.88,1016,80,4.0,330,,0,0.0,0,clear sky
2024,11,24,09:00:00,73.18,73.45,72.86,75.02,1016,69,3.44,0,,0,0.0,0,clear sky
2024,11,24,10:00:00,77.43,77.83,75.87,79.86,1017,63,1.01,166,3.0,0,0.0,0,clear sky
2024,11,24,11:00:00,80.24,81.43,77.97,80.89,1016,54,1.01,65,3.83,0,0.0,0,clear sky
2024,11,24,12:00:00,83.89,87.08,78.96,83.89,1015,59,0.92,124,4.72,0,0.0,0,clear sky
2024,11,24,13:00:00,82.4,85.21,79.97,83.89,1014,61,1.01,195,1.99,0,0.0,0,clear sky
2024,11,24,14:00:00,81.64,84.63,79.97,83.89,1013,64,1.9,349,7.83,1,0.0,0,clear sky
2024,11,24,15:00:00,79.11,79.11,77.86,81.9,1012,64,11.01,220,,0,0.0,0,clear sky
2024,11,24,16:00:00,80.62,82.98,78.96,81.9,1012,63,8.01,210,,21,0.0,0,few clouds
