Year,Month,Day,Time,Temperature (F),Feels Like (F),Temp Min (F),Temp Max (F),Pressure,Humidity,Wind Speed,Wind Deg,Wind Gust,Clouds All,Rain (1h),Snow (1h),Weather_description
2024,11,3,15:00:00,69.96,68.22,66.63,72.5,1003,33,15.99,278,20.0,31,0.0,0,scattered clouds
2024,11,3,16:00:00,66.45,64.72,62.6,69.89,1002,41,21.85,10,37.98,75,0.0,0,broken clouds
2024,11,3,17:00:00,63.25,61.57,59.61,65.8,1003,49,5.01,330,8.01,29,0.0,0,scattered clouds
2024,11,3,18:00:00,60.78,59.2,57.58,63.27,1003,56,8.99,103,13.0,82,0.0,0,broken clouds
2024,11,3,19:00:00,59.59,58.03,56.5,61.41,1004,59,3.0,13,11.99,59,0.41,0,light rain
2024,11,3,20:00:00,58.71,57.2,55.62,60.42,1004,62,4.79,34,6.55,78,0.0,0,broken clouds
2024,11,3,21:00:00,57.63,56.05,54.41,59.27,1005,63,3.0,260,5.99,70,0.0,0,broken clouds
2024,11,3,22:00:00,56.61,54.88,53.71,58.55,1005,62,5.32,281,7.85,58,0.0,0,broken clouds
2024,11,3,23:00:00,54.93,53.19,52.36,58.1,1007,65,4.0,275,5.99,43,0.0,0,scattered clouds
2024,11,4,00:00:00,54.63,52.79,51.6,57.74,1007,64,3.0,255,4.0,2,0.0,0,clear sky
2024,11,4,01:00:00,54.81,52.66,51.31,57.47,1008,57,3.0,251,5.01,2,0.0,0,clear sky
2024,11,4,02:00:00,53.73,51.3,50.59,56.7,1008,53,6.91,240,,20,0.0,0,few clouds
2024,11,4,03:00:00,53.53,50.65,49.24,55.92,1009,44,5.01,332,11.01,2,0.0,0,clear sky
2024,11,4,04:00:00,52.95,49.96,49.19,55.13,1009,43,4.0,250,7.0,2,0.0,0,clear sky
2024,11,4,05:00:00,51.55,48.52,47.32,54.36,1010,45,7.0,245,8.99,4,0.0,0,clear sky
2024,11,4,06:00:00,51.55,48.47,47.25,54.27,1011,44,4.0,265,8.01,0,0.0,0,clear sky
2024,11,4,07:00:00,51.15,47.95,46.36,54.18,1012,42,5.99,256,7.0,0,0.0,0,clear sky
2024,11,4,08:00:00,54.41,51.33,50.77,56.88,1013,38,3.0,247,7.0,0,0.0,0,clear sky
2024,11,4,09:00:00,58.12,55.22,54.99,60.84,1014,34,3.0,242,8.01,0,0.0,0,clear sky
2024,11,4,10:00:00,61.63,58.95,58.75,64.27,1014,31,5.99,288,10.0,0,0.0,0,clear sky
2024,11,4,11:00:00,64.33,61.74,61.75,66.61,1014,27,5.75,0,,20,0.0,0,few clouds
2024,11,4,12:00:00,66.52,64.06,64.13,68.65,1014,25,4.61,0,,20,0.0,0,few clouds
2024,11,4,13:00:00,68.31,65.97,65.71,70.5,1013,24,5.01,279,8.01,20,0.0,0,few clouds
2024,11,4,14:00:00,69.44,67.17,67.14,71.82,1013,23,10.0,253,15.99,20,0.0,0,few clouds
2024,11,4,15:00:00,70.11,67.86,67.91,72.7,1013,22,8.99,257,8.99,0,0.0,0,clear sky
2024,11,4,16:00:00,70.14,67.89,68.16,72.41,1013,22,5.01,199,14.0,0,0.0,0,clear sky
2024,11,4,17:00:00,68.52,66.11,66.16,70.68,1013,22,8.99,292,13.0,0,0.0,0,clear sky
2024,11,4,18:00:00,65.43,62.8,62.85,67.33,1013,24,1.99,172,7.0,0,0.0,0,clear sky
2024,11,4,19:00:00,62.42,59.63,59.45,64.35,1014,27,1.01,167,1.99,0,0.0,0,clear sky
2024,11,4,20:00:00,59.7,56.82,56.39,62.69,1014,31,5.48,220,5.17,0,0.0,0,clear sky
2024,11,4,21:00:00,58.06,55.13,54.34,60.69,1015,33,4.94,233,5.7,0,0.0,0,clear sky
2024,11,4,22:00:00,56.48,53.42,52.88,58.69,1016,34,2.64,242,3.36,0,0.0,0,clear sky
2024,11,4,23:00:00,55.36,52.25,51.4,58.51,1016,35,0.67,178,1.03,0,0.0,0,clear sky
2024,11,5,00:00:00,55.74,52.57,50.61,58.05,1015,33,4.0,117,7.0,0,0.0,0,clear sky
2024,11,5,01:00:00,53.65,50.45,49.21,57.06,1015,37,1.99,117,5.01,0,0.0,0,clear sky
2024,11,5,02:00:00,52.7,49.41,48.43,55.27,1016,37,6.91,100,,0,0.0,0,clear sky
2024,11,5,03:00:00,52.65,49.59,47.41,54.61,1016,42,4.0,118,7.0,0,0.0,0,clear sky
2024,11,5,04:00:00,52.41,49.19,47.52,54.61,1016,39,6.91,100,,0,0.0,0,clear sky
2024,11,5,05:00:00,51.91,48.81,47.75,54.16,1016,43,2.55,128,3.47,0,0.0,0,clear sky
2024,11,5,06:00:00,51.44,48.49,47.34,53.6,1016,47,3.44,120,,0,0.0,0,clear sky
2024,11,5,07:00:00,50.29,47.32,45.45,52.61,1016,49,2.48,130,2.8,0,0.0,0,clear sky
2024,11,5,08:00:00,54.46,51.73,51.35,56.82,1017,45,1.99,121,5.01,0,0.0,0,clear sky
2024,11,5,09:00:00,58.06,55.54,55.45,60.93,1017,42,5.01,104,7.0,1,0.0,0,clear sky
2024,11,5,10:00:00,61.83,59.45,58.86,65.07,1016,37,7.0,82,11.01,2,0.0,0,clear sky
2024,11,5,11:00:00,65.1,62.87,62.35,67.91,1016,33,7.0,68,8.99,9,0.0,0,clear sky
2024,11,5,12:00:00,67.8,65.64,64.92,70.38,1015,29,5.01,45,11.01,20,0.0,0,few clouds
2024,11,5,13:00:00,69.6,67.48,67.21,71.89,1013,26,4.61,0,,20,0.0,0,few clouds
2024,11,5,14:00:00,71.28,69.19,69.04,73.51,1012,23,3.0,261,7.0,20,0.0,0,few clouds
2024,11,5,15:00:00,72.1,70.05,69.42,74.55,1011,22,4.0,264,8.99,38,0.0,0,scattered clouds
2024,11,5,16:00:00,71.53,69.37,68.9,73.83,1010,21,5.75,310,,75,0.0,0,broken clouds
2024,11,5,17:00:00,70.61,68.36,68.11,72.37,1009,21,3.44,260,,75,0.0,0,smoke
2024,11,5,18:00:00,66.56,64.04,63.52,68.7,1009,24,1.01,246,1.99,4,0.0,0,clear sky
2024,11,5,19:00:00,63.59,60.96,60.17,65.91,1009,28,1.23,249,2.57,46,0.0,0,scattered clouds
2024,11,5,20:00:00,61.0,58.3,58.17,63.7,1009,32,1.7,148,2.71,64,0.0,0,broken clouds
2024,11,5,21:00:00,60.64,57.87,56.25,62.82,1009,31,3.96,131,5.12,73,0.0,0,broken clouds
2024,11,5,22:00:00,58.82,56.05,54.61,61.27,1009,35,2.77,119,4.29,78,0.0,0,broken clouds
2024,11,6,00:00:00,57.11,54.03,52.45,59.54,1008,32,6.91,100,,20,0.0,0,few clouds
2024,11,6,01:00:00,55.85,52.97,51.75,58.53,1008,39,0.36,180,1.72,56,0.0,0,broken clouds
2024,11,6,02:00:00,55.02,52.02,50.52,57.11,1008,38,1.01,123,4.0,44,0.0,0,scattered clouds
2024,11,6,03:00:00,54.43,51.31,49.21,56.26,1008,37,0.67,307,1.36,49,0.0,0,scattered clouds
2024,11,6,04:00:00,52.65,49.64,48.51,56.16,1008,43,0.69,308,1.45,51,0.0,0,broken clouds
2024,11,6,05:00:00,53.83,50.9,49.14,56.84,1008,42,1.39,282,1.5,37,0.0,0,scattered clouds
2024,11,6,06:00:00,53.91,50.83,49.55,56.91,1009,39,1.68,257,1.9,88,0.0,0,overcast clouds
2024,11,6,07:00:00,54.72,51.73,50.45,57.6,1009,39,1.34,276,2.75,89,0.0,0,overcast clouds
2024,11,6,08:00:00,56.48,53.65,53.15,58.86,1010,39,1.01,49,3.0,66,0.0,0,broken clouds
2024,11,6,09:00:00,58.51,55.76,56.14,60.49,1011,36,5.01,271,8.01,75,0.0,0,broken clouds
2024,11,6,10:00:00,59.56,56.8,57.11,61.83,1012,34,5.01,197,13.0,75,0.0,0,broken clouds
2024,11,6,11:00:00,62.26,59.54,59.11,64.63,1013,29,6.91,0,,75,0.0,0,broken clouds
2024,11,6,12:00:00,65.14,62.58,62.46,67.44,1012,26,10.0,79,15.99,20,0.0,0,few clouds
2024,11,6,13:00:00,67.1,64.6,64.51,69.62,1012,23,8.99,87,20.0,10,0.0,0,clear sky
2024,11,6,14:00:00,68.32,65.8,65.61,70.7,1011,20,8.05,360,16.11,20,0.0,0,few clouds
2024,11,6,15:00:00,68.9,66.29,66.31,70.92,1011,17,4.0,312,8.99,20,0.0,0,few clouds
2024,11,6,16:00:00,68.61,65.84,66.07,70.34,1011,14,10.36,50,,20,0.0,0,few clouds
2024,11,6,17:00:00,66.58,63.55,64.11,68.2,1012,13,11.5,30,27.63,20,0.0,0,few clouds
2024,11,6,18:00:00,63.57,60.39,60.6,65.35,1013,16,8.01,28,15.01,3,0.0,0,clear sky
2024,11,6,19:00:00,61.47,58.24,58.91,63.34,1014,20,5.99,38,14.0,1,0.0,0,clear sky
2024,11,6,20:00:00,59.61,56.3,56.46,61.36,1015,22,3.0,37,10.0,1,0.0,0,clear sky
2024,11,6,21:00:00,57.56,54.14,54.34,59.81,1015,24,1.99,25,5.01,0,0.0,0,clear sky
2024,11,6,22:00:00,55.92,52.43,52.92,58.48,1016,26,1.01,332,3.0,0,0.0,0,clear sky
2024,11,6,23:00:00,54.77,51.26,51.12,57.2,1016,28,15.37,36,26.64,0,0.0,0,clear sky
2024,11,7,00:00:00,53.46,49.91,50.27,56.28,1016,30,4.0,331,7.0,0,0.0,0,clear sky
2024,11,7,01:00:00,52.9,49.35,49.44,55.35,1016,31,13.69,22,21.52,0,0.0,0,clear sky
2024,11,7,02:00:00,52.36,48.7,48.61,54.63,1016,30,1.01,177,4.0,0,0.0,0,clear sky
2024,11,7,03:00:00,51.51,47.91,48.13,53.6,1016,33,1.99,312,4.0,0,0.0,0,clear sky
2024,11,7,04:00:00,50.83,47.21,47.34,53.42,1016,34,12.71,3,18.9,0,0.0,0,clear sky
2024,11,7,05:00:00,50.02,46.31,46.36,52.41,1017,34,4.61,250,,0,0.0,0,clear sky
2024,11,7,06:00:00,49.15,47.48,45.48,52.11,1018,36,4.61,250,,0,0.0,0,clear sky
2024,11,7,07:00:00,48.47,45.39,44.74,51.28,1018,36,6.91,240,,0,0.0,0,clear sky
2024,11,7,08:00:00,51.1,47.61,47.52,53.82,1019,36,5.99,238,5.99,1,0.0,0,clear sky
2024,11,7,09:00:00,54.9,51.58,52.07,57.43,1019,32,5.99,296,8.99,20,0.0,0,few clouds
2024,11,7,10:00:00,58.28,55.17,55.92,60.44,1020,29,5.75,320,,20,0.0,0,few clouds
2024,11,7,11:00:00,60.48,57.45,58.21,62.82,1019,26,8.01,23,8.01,20,0.0,0,few clouds
2024,11,7,12:00:00,61.93,58.96,59.77,64.35,1019,24,9.22,30,,20,0.0,0,few clouds
2024,11,7,13:00:00,63.03,60.06,60.85,65.44,1018,22,7.0,40,10.0,20,0.0,0,few clouds
2024,11,7,14:00:00,64.33,61.39,61.77,67.15,1017,20,10.36,310,,40,0.0,0,scattered clouds
2024,11,7,15:00:00,65.16,62.31,62.51,67.64,1016,20,7.0,301,8.99,20,0.0,0,few clouds
2024,11,7,16:00:00,65.48,62.62,63.1,67.33,1016,19,3.0,316,8.99,20,0.0,0,few clouds
2024,11,7,17:00:00,64.53,61.61,61.88,66.63,1016,20,5.01,198,5.99,2,0.0,0,clear sky
2024,11,7,18:00:00,61.32,58.19,58.26,63.34,1017,22,3.0,150,4.0,3,0.0,0,clear sky
2024,11,7,19:00:00,58.44,55.2,55.13,60.93,1018,26,1.01,235,1.99,2,0.0,0,clear sky
2024,11,7,20:00:00,56.84,53.58,52.92,59.41,1019,29,1.01,195,5.01,2,0.0,0,clear sky
2024,11,7,21:00:00,54.73,51.4,51.17,57.34,1019,32,1.21,253,2.46,2,0.0,0,clear sky
2024,11,7,22:00:00,53.13,49.75,49.41,56.1,1019,34,2.46,277,2.75,1,0.0,0,clear sky
2024,11,7,23:00:00,51.87,48.22,47.41,54.81,1020,31,1.83,342,3.13,1,0.0,0,clear sky
2024,11,8,00:00:00,50.27,46.69,46.74,53.15,1020,36,0.72,148,2.8,0,0.0,0,clear sky
2024,11,8,01:00:00,49.77,49.77,46.11,52.54,1021,36,0.47,325,1.9,0,0.0,0,clear sky
2024,11,8,02:00:00,48.56,48.56,43.75,51.21,1021,38,1.77,126,2.73,0,0.0,0,clear sky
2024,11,8,03:00:00,47.89,47.89,43.81,50.11,1021,38,1.01,113,4.0,0,0.0,0,clear sky
2024,11,8,04:00:00,48.2,45.07,45.19,49.26,1021,41,6.91,100,,0,0.0,0,clear sky
2024,11,8,05:00:00,48.06,46.18,44.19,50.2,1021,36,4.61,100,,0,0.0,0,clear sky
2024,11,8,06:00:00,47.64,43.88,42.8,49.19,1021,40,8.05,140,,0,0.0,0,clear sky
2024,11,8,07:00:00,47.21,45.19,42.8,49.62,1021,39,4.61,150,,20,0.0,0,few clouds
2024,11,8,08:00:00,49.95,49.95,46.4,52.11,1022,41,1.01,333,3.0,0,0.0,0,clear sky
2024,11,8,09:00:00,53.83,50.7,51.04,56.82,1022,38,5.75,110,,0,0.0,0,clear sky
2024,11,8,10:00:00,57.33,54.41,54.45,60.62,1021,35,5.75,140,,0,0.0,0,clear sky
2024,11,8,11:00:00,60.73,57.9,57.99,63.55,1021,30,6.91,0,,0,0.0,0,clear sky
2024,11,8,12:00:00,63.68,60.96,61.07,65.8,1020,26,6.91,170,,0,0.0,0,clear sky
2024,11,8,13:00:00,65.19,62.55,63.12,67.64,1019,24,5.01,307,8.01,0,0.0,0,clear sky
2024,11,8,14:00:00,66.87,64.29,64.44,69.12,1018,22,3.44,0,,0,0.0,0,clear sky
2024,11,8,15:00:00,67.91,65.39,65.41,70.34,1017,21,1.99,34,7.0,0,0.0,0,clear sky
2024,11,8,16:00:00,68.13,65.57,65.44,70.34,1017,20,1.99,271,5.99,0,0.0,0,clear sky
2024,11,8,17:00:00,66.34,63.66,63.84,68.34,1017,21,3.56,326,4.38,0,0.0,0,clear sky
2024,11,8,18:00:00,61.79,58.84,58.84,64.35,1016,25,2.08,325,3.36,0,0.0,0,clear sky
2024,11,8,19:00:00,58.75,55.63,54.91,61.84,1017,28,0.54,355,2.15,0,0.0,0,clear sky
2024,11,8,20:00:00,56.59,53.4,53.08,59.7,1017,31,1.01,123,3.0,0,0.0,0,clear sky
2024,11,8,21:00:00,54.7,51.42,51.26,58.51,1017,33,1.59,142,1.48,0,0.0,0,clear sky
2024,11,8,22:00:00,53.83,50.56,50.11,57.15,1017,35,1.72,122,1.3,0,0.0,0,clear sky
2024,11,8,23:00:00,53.92,50.67,49.6,56.53,1016,35,1.01,116,7.0,0,0.0,0,clear sky
2024,11,9,00:00:00,52.43,49.01,47.88,54.64,1016,35,0.65,146,0.69,0,0.0,0,clear sky
2024,11,9,01:00:00,51.96,48.31,48.2,54.54,1016,31,0.0,0,,0,0.0,0,clear sky
2024,11,9,02:00:00,53.71,50.23,49.51,56.05,1016,31,0.96,33,1.48,0,0.0,0,clear sky
2024,11,9,03:00:00,50.86,47.3,47.75,53.15,1016,35,1.57,43,2.15,0,0.0,0,clear sky
2024,11,9,04:00:00,50.32,46.71,45.95,53.91,1016,35,4.61,110,,0,0.0,0,clear sky
2024,11,9,05:00:00,49.95,49.95,46.89,53.15,1016,32,2.26,49,3.2,0,0.0,0,clear sky
2024,11,9,06:00:00,49.68,48.07,43.77,52.92,1016,37,4.61,100,,0,0.0,0,clear sky
2024,11,9,07:00:00,48.69,47.79,45.09,51.15,1017,35,3.44,120,,20,0.0,0,few clouds
2024,11,9,08:00:00,52.65,49.44,49.44,55.81,1017,39,0.0,0,,0,0.0,0,clear sky
2024,11,9,09:00:00,56.52,53.51,53.73,59.9,1017,35,3.0,57,5.01,0,0.0,0,clear sky
2024,11,9,10:00:00,60.51,57.72,57.67,64.06,1017,31,6.91,50,,0,0.0,0,clear sky
2024,11,9,11:00:00,65.19,62.64,62.11,68.38,1017,26,5.75,40,,0,0.0,0,clear sky
2024,11,9,12:00:00,68.47,66.09,65.91,71.37,1016,23,5.01,75,10.0,0,0.0,0,clear sky
2024,11,9,13:00:00,71.02,68.81,68.52,73.45,1015,21,1.99,90,4.0,0,0.0,0,clear sky
2024,11,9,14:00:00,72.79,70.66,70.34,74.7,1014,19,3.44,280,,0,0.0,0,clear sky
2024,11,9,15:00:00,74.23,72.19,71.74,76.19,1013,18,1.99,264,4.0,0,0.0,0,clear sky
2024,11,9,16:00:00,74.19,72.16,71.91,76.41,1013,18,3.0,261,5.99,0,0.0,0,clear sky
2024,11,9,17:00:00,72.66,70.52,70.36,74.46,1013,19,1.99,288,4.0,0,0.0,0,clear sky
2024,11,9,18:00:00,68.04,65.62,64.53,70.34,1013,23,1.99,275,3.0,0,0.0,0,clear sky
2024,11,9,19:00:00,64.02,61.45,60.4,67.15,1013,28,3.0,194,3.0,0,0.0,0,clear sky
2024,11,9,20:00:00,62.06,59.32,58.08,65.26,1014,29,2.42,287,2.28,0,0.0,0,clear sky
2024,11,9,21:00:00,60.55,57.7,56.62,63.34,1014,30,2.17,334,1.99,0,0.0,0,clear sky
2024,11,9,22:00:00,60.49,57.61,54.75,63.1,1014,29,0.0,0,,20,0.0,0,few clouds
2024,11,9,23:00:00,59.09,56.1,53.74,62.71,1014,30,3.44,110,,0,0.0,0,clear sky
2024,11,10,00:00:00,58.46,55.47,54.45,62.53,1014,31,0.0,0,,0,0.0,0,clear sky
2024,11,10,01:00:00,57.09,53.87,53.46,61.61,1014,29,5.75,80,,40,0.0,0,scattered clouds
2024,11,10,02:00:00,57.76,54.64,54.09,61.61,1014,30,4.61,100,,40,0.0,0,scattered clouds
2024,11,10,03:00:00,57.49,54.21,53.15,61.54,1014,27,1.63,77,1.7,81,0.0,0,broken clouds
2024,11,10,04:00:00,59.14,56.03,54.1,62.6,1015,27,1.54,92,1.34,77,0.0,0,broken clouds
2024,11,10,05:00:00,56.39,53.19,51.13,61.11,1015,31,4.61,150,,0,0.0,0,clear sky
2024,11,10,06:00:00,56.34,53.22,52.05,61.11,1015,33,3.31,103,3.09,5,0.0,0,clear sky
2024,11,10,07:00:00,53.55,50.11,47.75,59.14,1016,32,3.44,98,3.31,5,0.0,0,clear sky
2024,11,10,08:00:00,58.03,55.04,53.15,62.62,1017,32,1.01,136,4.0,20,0.0,0,few clouds
2024,11,10,09:00:00,62.26,59.54,58.55,67.15,1017,29,5.75,90,,20,0.0,0,few clouds
2024,11,10,10:00:00,66.33,63.97,63.25,70.48,1017,28,5.75,90,,20,0.0,0,few clouds
2024,11,10,11:00:00,71.11,69.06,67.21,75.13,1017,24,1.01,46,1.99,2,0.0,0,clear sky
2024,11,10,12:00:00,74.53,72.68,71.37,78.04,1016,21,5.01,94,5.99,20,0.0,0,few clouds
2024,11,10,13:00:00,77.79,76.12,74.61,80.6,1015,18,4.0,92,5.01,20,0.0,0,few clouds
2024,11,10,14:00:00,79.59,79.59,76.35,82.62,1014,17,3.44,120,,20,0.0,0,few clouds
2024,11,10,15:00:00,81.27,79.18,77.88,83.91,1014,15,4.61,180,,20,0.0,0,few clouds
2024,11,10,16:00:00,81.21,79.14,78.4,83.7,1014,15,1.99,191,4.0,0,0.0,0,clear sky
2024,11,10,17:00:00,78.94,78.94,74.53,81.12,1014,16,0.54,19,1.54,2,0.0,0,clear sky
2024,11,10,18:00:00,72.79,70.75,68.61,75.34,1014,21,1.01,221,1.99,21,0.0,0,few clouds
2024,11,10,19:00:00,68.23,65.98,64.4,71.67,1015,26,2.37,343,2.46,62,0.0,0,broken clouds
2024,11,10,20:00:00,65.41,63.01,60.93,69.15,1015,29,2.73,342,2.75,49,0.0,0,scattered clouds
2024,11,10,21:00:00,63.93,61.39,59.25,67.26,1015,29,2.19,345,2.21,0,0.0,0,clear sky
2024,11,10,22:00:00,64.2,61.68,58.87,67.53,1016,29,1.68,323,1.79,0,0.0,0,clear sky
2024,11,10,23:00:00,62.33,59.54,57.61,66.49,1016,27,1.23,289,1.01,0,0.0,0,clear sky
2024,11,11,00:00:00,63.01,60.15,58.08,67.53,1015,24,3.44,110,,0,0.0,0,clear sky
2024,11,11,01:00:00,61.95,58.98,58.08,67.26,1015,24,3.44,110,,0,0.0,0,clear sky
2024,11,11,02:00:00,61.83,58.89,56.75,66.15,1015,25,0.63,344,1.36,100,0.0,0,overcast clouds
2024,11,11,03:00:00,63.61,60.75,58.05,67.05,1015,23,4.61,130,,75,0.0,0,broken clouds
2024,11,11,04:00:00,62.67,59.72,57.13,66.06,1015,23,3.44,70,,75,0.0,0,broken clouds
2024,11,11,05:00:00,59.88,56.7,53.15,63.63,1015,24,5.75,100,,75,0.0,0,broken clouds
2024,11,11,06:00:00,60.01,57.02,53.15,63.28,1015,28,2.53,93,2.42,61,0.0,0,broken clouds
2024,11,11,07:00:00,57.61,54.48,54.09,61.61,1015,30,6.91,110,,75,0.0,0,broken clouds
2024,11,11,08:00:00,59.43,56.3,53.15,63.1,1016,26,0.0,0,,75,0.0,0,broken clouds
2024,11,11,09:00:00,63.95,61.36,60.35,68.54,1016,28,3.44,150,,40,0.0,0,scattered clouds
2024,11,11,10:00:00,68.11,65.89,65.8,72.63,1016,27,5.99,99,8.99,41,0.0,0,scattered clouds
2024,11,11,11:00:00,71.26,69.21,67.68,75.74,1015,24,3.0,15,5.01,33,0.0,0,scattered clouds
2024,11,11,12:00:00,75.13,73.27,71.51,78.82,1014,20,3.44,100,,40,0.0,0,scattered clouds
2024,11,11,13:00:00,78.08,76.44,74.91,81.14,1013,18,7.0,94,10.0,13,0.0,0,few clouds
2024,11,11,14:00:00,79.97,79.97,77.25,82.62,1012,16,5.99,79,8.01,20,0.0,0,few clouds
2024,11,11,15:00:00,81.09,79.05,78.31,83.34,1011,15,5.01,194,8.99,20,0.0,0,few clouds
2024,11,11,16:00:00,80.73,78.85,78.35,83.05,1011,16,7.0,282,8.99,20,0.0,0,few clouds
2024,11,11,17:00:00,78.37,76.71,75.36,80.46,1011,17,4.0,310,11.99,5,0.0,0,clear sky
2024,11,11,18:00:00,72.55,70.54,68.27,74.91,1011,22,2.19,71,1.36,5,0.0,0,clear sky
2024,11,11,19:00:00,67.98,65.7,64.13,71.15,1011,26,1.99,175,3.0,5,0.0,0,clear sky
2024,11,11,20:00:00,66.36,63.91,61.81,69.46,1011,26,3.56,146,3.71,3,0.0,0,clear sky
2024,11,11,21:00:00,65.08,62.71,60.89,68.14,1011,30,3.15,193,3.6,2,0.0,0,clear sky
2024,11,11,22:00:00,64.11,61.59,59.34,68.14,1011,29,9.22,90,,0,0.0,0,clear sky
2024,11,11,23:00:00,62.31,59.5,58.55,65.16,1011,27,4.61,100,,0,0.0,0,clear sky
2024,11,12,00:00:00,60.49,57.51,56.75,65.53,1011,27,10.36,80,,0,0.0,0,clear sky
2024,11,12,01:00:00,59.36,56.26,55.08,61.29,1011,27,2.89,253,3.98,0,0.0,0,clear sky
2024,11,12,02:00:00,58.66,55.4,54.52,61.14,1011,25,3.36,266,4.99,0,0.0,0,clear sky
2024,11,12,03:00:00,56.32,52.39,52.09,60.15,1011,16,3.96,281,6.76,0,0.0,0,clear sky
2024,11,12,04:00:00,57.88,54.73,52.81,60.91,1011,29,3.65,248,6.78,0,0.0,0,clear sky
2024,11,12,05:00:00,56.34,53.08,51.75,59.9,1012,30,5.75,70,,0,0.0,0,clear sky
2024,11,12,06:00:00,56.23,52.95,50.52,58.91,1013,30,8.05,90,,0,0.0,0,clear sky
2024,11,12,07:00:00,56.01,52.72,49.51,59.11,1014,30,9.22,80,,20,0.0,0,few clouds
2024,11,12,08:00:00,56.21,53.04,53.73,61.05,1014,32,8.05,80,,20,0.0,0,few clouds
2024,11,12,09:00:00,61.41,58.8,58.21,65.12,1015,33,3.87,267,5.37,1,0.0,0,clear sky
2024,11,12,10:00:00,63.9,61.34,61.45,68.27,1015,29,3.0,329,5.01,0,0.0,0,clear sky
2024,11,12,11:00:00,66.9,64.47,64.9,70.61,1015,25,5.75,300,,0,0.0,0,clear sky
2024,11,12,12:00:00,69.87,67.59,67.86,72.82,1015,22,6.91,310,,20,0.0,0,few clouds
2024,11,12,13:00:00,72.16,69.96,70.2,74.88,1014,19,11.5,270,,20,0.0,0,few clouds
2024,11,12,14:00:00,73.56,71.42,71.51,76.44,1013,17,8.05,260,19.57,0,0.0,0,clear sky
2024,11,12,15:00:00,74.66,72.54,72.34,76.87,1012,15,8.99,257,17.0,0,0.0,0,clear sky
2024,11,12,16:00:00,74.75,72.59,72.48,76.86,1012,14,5.99,286,10.0,0,0.0,0,clear sky
2024,11,12,17:00:00,73.06,70.72,70.41,74.86,1013,14,10.0,267,11.99,0,0.0,0,clear sky
2024,11,12,18:00:00,69.22,66.6,65.44,71.35,1013,16,3.0,240,5.01,0,0.0,0,clear sky
2024,11,12,19:00:00,65.1,62.2,60.44,67.98,1015,19,3.0,264,5.01,0,0.0,0,clear sky
2024,11,12,20:00:00,62.94,59.88,59.45,65.88,1015,20,1.99,233,4.0,0,0.0,0,clear sky
2024,11,12,21:00:00,60.8,57.61,57.49,63.81,1016,22,1.99,278,3.0,1,0.0,0,clear sky
2024,11,12,22:00:00,58.93,55.65,55.49,62.35,1016,24,3.85,246,3.47,1,0.0,0,clear sky
2024,11,12,23:00:00,57.52,54.1,53.74,60.8,1016,24,1.7,287,1.5,1,0.0,0,clear sky
2024,11,13,00:00:00,57.07,53.71,52.14,59.92,1017,26,3.0,283,5.99,0,0.0,0,clear sky
2024,11,13,01:00:00,56.43,52.99,51.58,59.92,1017,26,0.83,261,0.4,0,0.0,0,clear sky
2024,11,13,02:00:00,54.88,51.33,49.55,58.53,1017,27,0.85,225,0.81,0,0.0,0,clear sky
2024,11,13,03:00:00,55.0,51.48,49.46,57.49,1017,27,1.16,89,1.83,0,0.0,0,clear sky
2024,11,13,04:00:00,54.3,50.7,50.13,56.91,1017,27,5.75,120,,0,0.0,0,clear sky
2024,11,13,05:00:00,55.18,51.53,49.55,58.28,1018,24,4.03,78,5.79,0,0.0,0,clear sky
2024,11,13,06:00:00,53.42,49.73,48.2,57.11,1018,27,0.0,0,,0,0.0,0,clear sky
2024,11,13,07:00:00,53.87,50.27,47.75,57.11,1019,28,3.74,55,6.62,0,0.0,0,clear sky
2024,11,13,08:00:00,55.26,51.89,50.77,58.84,1020,30,3.44,90,,0,0.0,0,clear sky
2024,11,13,09:00:00,59.31,56.39,56.48,62.62,1020,31,4.0,75,8.01,0,0.0,0,clear sky
2024,11,13,10:00:00,64.71,62.1,60.93,68.13,1020,26,10.0,90,15.01,0,0.0,0,clear sky
2024,11,13,11:00:00,68.92,66.54,65.41,71.69,1020,22,11.5,60,24.16,20,0.0,0,few clouds
2024,11,13,12:00:00,72.01,69.85,69.13,74.62,1019,20,4.0,99,11.01,0,0.0,0,clear sky
2024,11,13,13:00:00,74.3,72.28,71.44,76.68,1018,18,3.0,15,8.99,0,0.0,0,clear sky
2024,11,13,14:00:00,75.78,73.81,73.45,78.04,1017,16,3.0,280,8.99,0,0.0,0,clear sky
2024,11,13,15:00:00,76.82,74.91,74.46,79.3,1017,15,5.99,288,8.99,0,0.0,0,clear sky
2024,11,13,16:00:00,76.91,75.0,74.35,79.45,1016,15,1.99,308,8.99,0,0.0,0,clear sky
2024,11,13,17:00:00,75.07,73.04,72.41,77.52,1016,16,3.0,248,5.99,1,0.0,0,clear sky
2024,11,13,18:00:00,69.94,67.59,66.61,72.68,1016,20,1.99,271,4.0,0,0.0,0,clear sky
2024,11,13,19:00:00,65.77,63.18,62.17,68.81,1016,24,1.01,241,1.99,0,0.0,0,clear sky
2024,11,13,20:00:00,63.46,60.73,58.8,66.7,1016,26,2.55,298,2.39,0,0.0,0,clear sky
2024,11,13,21:00:00,62.91,60.03,57.34,65.7,1016,24,2.35,338,2.37,0,0.0,0,clear sky
2024,11,13,22:00:00,61.99,59.05,55.74,66.11,1016,25,2.8,333,2.59,0,0.0,0,clear sky
2024,11,13,23:00:00,60.67,57.61,55.62,64.49,1016,25,0.0,0,,0,0.0,0,clear sky
2024,11,14,00:00:00,59.32,56.17,54.61,64.62,1016,26,0.0,0,,0,0.0,0,clear sky
2024,11,14,01:00:00,58.82,55.67,54.95,65.62,1015,27,0.0,0,,0,0.0,0,clear sky
2024,11,14,02:00:00,59.23,56.08,53.89,63.91,1015,26,1.32,64,1.5,0,0.0,0,clear sky
2024,11,14,03:00:00,57.54,54.18,52.84,61.14,1015,25,2.46,82,2.37,0,0.0,0,clear sky
2024,11,14,04:00:00,57.72,54.37,52.52,62.11,1015,25,3.49,89,3.51,0,0.0,0,clear sky
2024,11,14,05:00:00,58.51,55.29,53.15,61.92,1015,26,3.44,93,3.38,0,0.0,0,clear sky
2024,11,14,06:00:00,57.97,54.73,55.11,62.44,1015,27,3.0,94,7.0,0,0.0,0,clear sky
2024,11,14,07:00:00,54.32,50.81,48.2,61.48,1015,29,4.61,80,,0,0.0,0,clear sky
2024,11,14,08:00:00,58.96,55.92,53.15,64.62,1015,29,3.22,97,3.94,0,0.0,0,clear sky
2024,11,14,09:00:00,62.29,59.45,58.24,67.15,1015,26,1.01,59,3.0,0,0.0,0,clear sky
2024,11,14,10:00:00,66.79,64.31,63.25,71.82,1015,24,3.0,32,5.01,0,0.0,0,clear sky
2024,11,14,11:00:00,71.24,69.04,67.69,75.38,1014,21,7.0,90,11.01,0,0.0,0,clear sky
2024,11,14,12:00:00,75.25,73.33,71.6,78.53,1013,18,3.0,128,8.99,0,0.0,0,clear sky
2024,11,14,13:00:00,78.12,76.33,75.2,80.92,1012,15,4.0,45,7.0,0,0.0,0,clear sky
2024,11,14,14:00:00,80.38,78.51,77.61,83.16,1010,13,4.61,160,,0,0.0,0,clear sky
2024,11,14,15:00:00,81.9,79.54,79.34,84.51,1009,12,4.61,150,,0,0.0,0,clear sky
2024,11,14,16:00:00,82.09,79.68,79.61,84.69,1009,12,4.0,163,5.99,0,0.0,0,clear sky
2024,11,14,17:00:00,78.51,76.73,75.36,80.53,1008,14,0.72,32,1.99,0,0.0,0,clear sky
2024,11,14,18:00:00,73.02,70.83,69.26,76.19,1008,17,1.01,236,3.0,0,0.0,0,clear sky
2024,11,14,19:00:00,68.56,66.09,64.17,71.71,1008,21,1.63,327,2.04,0,0.0,0,clear sky
2024,11,14,20:00:00,66.11,63.5,61.61,69.28,1008,23,1.99,187,3.0,0,0.0,0,clear sky
2024,11,14,21:00:00,65.03,62.17,59.61,67.53,1008,20,8.05,100,,0,0.0,0,clear sky
2024,11,14,22:00:00,63.41,60.62,58.24,66.54,1008,25,2.55,230,2.66,0,0.0,0,clear sky
2024,11,14,23:00:00,61.54,58.66,57.58,64.71,1008,27,4.0,116,7.0,0,0.0,0,clear sky
2024,11,15,00:00:00,61.18,58.32,54.61,64.71,1007,28,5.99,119,8.01,0,0.0,0,clear sky
2024,11,15,01:00:00,59.47,56.34,53.74,63.16,1007,26,1.01,325,5.99,3,0.0,0,clear sky
2024,11,15,02:00:00,58.41,55.02,53.58,62.11,1007,23,1.12,147,2.66,3,0.0,0,clear sky
2024,11,15,03:00:00,58.33,55.04,53.6,62.15,1007,25,4.0,126,11.01,19,0.0,0,few clouds
2024,11,15,04:00:00,57.87,54.48,53.15,61.54,1007,24,2.1,121,2.66,15,0.0,0,few clouds
2024,11,15,05:00:00,56.89,53.37,53.49,61.05,1007,23,10.36,100,,75,0.0,0,broken clouds
2024,11,15,06:00:00,54.91,51.28,50.77,61.05,1007,25,0.0,0,,40,0.0,0,scattered clouds
2024,11,15,07:00:00,56.08,52.47,53.15,60.04,1008,23,2.93,273,5.37,52,0.0,0,broken clouds
2024,11,15,08:00:00,57.31,54.19,51.01,60.82,1009,31,4.09,264,8.81,34,0.0,0,scattered clouds
2024,11,15,09:00:00,60.24,57.33,56.88,64.45,1010,29,0.0,0,,20,0.0,0,few clouds
2024,11,15,10:00:00,64.74,62.04,61.75,67.87,1010,24,5.01,257,8.99,21,0.0,0,few clouds
2024,11,15,11:00:00,67.48,65.01,64.9,69.93,1010,23,7.0,264,13.0,17,0.0,0,few clouds
2024,11,15,12:00:00,69.4,67.12,66.92,71.73,1009,23,7.0,285,13.0,0,0.0,0,clear sky
2024,11,15,13:00:00,70.54,68.38,67.91,72.7,1008,23,11.5,270,,20,0.0,0,few clouds
2024,11,15,14:00:00,70.77,68.68,68.59,73.11,1007,24,8.99,299,13.0,0,0.0,0,clear sky
2024,11,15,15:00:00,70.83,68.65,68.61,73.27,1007,22,14.0,289,18.01,0,0.0,0,clear sky
2024,11,15,16:00:00,69.55,67.24,67.53,71.92,1007,22,11.99,284,14.0,0,0.0,0,clear sky
2024,11,15,17:00:00,67.3,64.9,65.5,69.35,1006,25,8.99,269,15.01,0,0.0,0,clear sky
2024,11,15,18:00:00,64.58,62.1,62.44,66.49,1007,29,13.8,260,,20,0.0,0,few clouds
2024,11,15,19:00:00,63.19,60.67,60.35,65.26,1007,31,3.0,262,8.01,0,0.0,0,clear sky
2024,11,15,20:00:00,62.02,59.58,58.77,64.35,1008,35,5.01,269,7.0,0,0.0,0,clear sky
2024,11,15,21:00:00,60.44,58.01,57.27,62.69,1009,39,8.01,223,15.01,0,0.0,0,clear sky
2024,11,15,22:00:00,58.95,56.43,55.8,61.2,1009,40,1.01,231,5.01,0,0.0,0,clear sky
2024,11,15,23:00:00,57.25,54.66,53.98,59.49,1010,42,3.0,169,7.0,0,0.0,0,clear sky
2024,11,16,00:00:00,55.99,53.37,52.45,58.48,1009,44,4.0,172,7.0,0,0.0,0,clear sky
2024,11,16,01:00:00,54.86,52.16,51.12,57.27,1009,45,1.99,172,4.0,0,0.0,0,clear sky
2024,11,16,02:00:00,53.92,51.17,50.36,56.28,1010,46,3.0,271,5.01,0,0.0,0,clear sky
2024,11,16,03:00:00,52.43,49.68,49.26,55.17,1010,49,3.0,171,4.0,0,0.0,0,clear sky
2024,11,16,04:00:00,51.78,49.01,48.51,54.34,1010,50,1.01,255,1.99,1,0.0,0,clear sky
2024,11,16,05:00:00,50.52,47.77,47.41,53.82,1010,53,1.01,35,1.99,3,0.0,0,clear sky
2024,11,16,06:00:00,50.65,47.86,46.62,53.49,1011,52,1.99,217,4.0,16,0.0,0,few clouds
2024,11,16,07:00:00,50.07,47.26,45.61,53.19,1011,53,1.99,338,3.0,30,0.0,0,scattered clouds
2024,11,16,08:00:00,50.63,47.84,46.35,53.49,1012,52,5.01,25,8.99,37,0.0,0,scattered clouds
2024,11,16,09:00:00,51.76,48.99,49.37,54.68,1012,50,8.05,330,,75,0.0,0,broken clouds
2024,11,16,10:00:00,53.67,50.99,51.31,57.11,1013,48,4.0,347,11.01,47,0.0,0,scattered clouds
2024,11,16,11:00:00,56.52,53.94,54.48,59.61,1012,44,1.01,194,4.0,44,0.0,0,scattered clouds
2024,11,16,12:00:00,59.25,56.71,57.15,61.92,1011,39,4.61,60,,40,0.0,0,scattered clouds
2024,11,16,13:00:00,61.14,58.64,58.82,63.64,1010,36,3.0,255,7.0,0,0.0,0,clear sky
2024,11,16,14:00:00,62.55,60.04,60.21,65.12,1009,33,5.99,317,15.01,20,0.0,0,few clouds
2024,11,16,15:00:00,63.25,60.78,60.89,65.57,1009,32,7.0,299,11.99,20,0.0,0,few clouds
2024,11,16,16:00:00,62.83,60.31,60.78,64.83,1009,32,4.61,0,,40,0.0,0,scattered clouds
2024,11,16,17:00:00,61.29,58.71,59.36,63.1,1009,34,4.0,278,5.99,1,0.0,0,clear sky
2024,11,16,18:00:00,58.39,55.71,56.34,60.82,1009,38,3.0,295,4.0,5,0.0,0,clear sky
2024,11,16,19:00:00,56.3,53.56,52.75,59.2,1009,41,1.99,283,3.0,2,0.0,0,clear sky
2024,11,16,20:00:00,55.15,52.38,51.62,58.32,1010,43,4.0,204,4.0,4,0.0,0,clear sky
2024,11,16,21:00:00,54.25,51.44,50.76,57.56,1010,44,3.87,281,4.21,7,0.0,0,clear sky
2024,11,16,22:00:00,52.95,50.11,49.35,55.81,1010,46,4.45,277,4.79,12,0.0,0,few clouds
2024,11,16,23:00:00,51.71,48.79,48.49,54.64,1010,47,1.99,249,3.0,20,0.0,0,few clouds
2024,11,17,00:00:00,51.01,48.11,47.08,53.71,1010,49,1.01,351,1.99,18,0.0,0,few clouds
2024,11,17,01:00:00,50.74,47.71,46.62,53.53,1010,47,2.66,321,4.12,21,0.0,0,few clouds
2024,11,17,02:00:00,50.49,47.59,45.7,53.2,1010,50,0.63,203,2.48,20,0.0,0,few clouds
2024,11,17,03:00:00,50.38,47.43,45.59,53.15,1010,49,1.57,290,2.71,14,0.0,0,few clouds
2024,11,17,04:00:00,49.21,49.21,44.35,52.48,1010,51,1.01,278,3.0,11,0.0,0,few clouds
2024,11,17,05:00:00,48.31,47.43,43.5,51.04,1010,51,3.38,321,4.59,26,0.0,0,scattered clouds
2024,11,17,06:00:00,47.32,45.68,43.12,49.62,1010,53,4.12,324,5.7,0,0.0,0,clear sky
2024,11,17,07:00:00,45.88,42.91,42.26,49.24,1010,53,5.75,240,,40,0.0,0,scattered clouds
2024,11,17,08:00:00,49.1,46.6,45.12,51.35,1011,47,5.99,288,8.01,40,0.0,0,scattered clouds
2024,11,17,09:00:00,52.68,49.77,49.51,56.34,1011,45,6.91,270,,40,0.0,0,scattered clouds
2024,11,17,10:00:00,56.93,54.21,53.78,60.62,1011,40,6.91,290,,20,0.0,0,few clouds
2024,11,17,11:00:00,60.96,58.32,57.78,64.63,1011,33,4.61,280,,20,0.0,0,few clouds
2024,11,17,12:00:00,64.26,61.74,61.75,67.12,1010,29,5.99,279,11.99,8,0.0,0,clear sky
2024,11,17,13:00:00,66.76,64.36,64.35,69.46,1009,26,5.01,240,10.0,10,0.0,0,clear sky
2024,11,17,14:00:00,68.0,65.68,65.88,70.61,1008,25,11.5,280,24.16,40,0.0,0,scattered clouds
2024,11,17,15:00:00,68.99,66.72,66.61,71.35,1007,24,10.0,280,13.0,9,0.0,0,clear sky
2024,11,17,16:00:00,69.06,66.79,66.6,71.2,1007,24,8.99,271,14.0,7,0.0,0,clear sky
2024,11,17,17:00:00,67.44,65.01,64.89,69.35,1007,24,11.01,281,15.99,5,0.0,0,clear sky
2024,11,17,18:00:00,64.42,61.74,61.7,66.34,1008,25,9.22,260,,20,0.0,0,few clouds
2024,11,17,19:00:00,62.01,59.18,58.5,64.11,1009,27,5.99,271,11.01,12,0.0,0,few clouds
2024,11,17,20:00:00,60.17,57.2,56.12,62.28,1009,28,5.99,248,7.0,10,0.0,0,clear sky
2024,11,17,21:00:00,58.44,55.4,54.18,61.36,1010,30,5.99,267,11.01,9,0.0,0,clear sky
2024,11,17,22:00:00,56.75,53.58,52.0,59.45,1010,31,5.01,273,8.99,7,0.0,0,clear sky
2024,11,17,23:00:00,54.84,51.58,50.5,57.25,1010,33,1.99,26,1.99,6,0.0,0,clear sky
2024,11,18,00:00:00,52.84,49.51,48.56,55.58,1011,36,1.99,270,5.01,0,0.0,0,clear sky
2024,11,18,01:00:00,51.71,48.33,47.41,54.25,1011,37,1.01,304,4.0,0,0.0,0,clear sky
2024,11,18,02:00:00,50.76,47.37,46.71,53.71,1011,39,1.99,287,4.0,0,0.0,0,clear sky
2024,11,18,03:00:00,49.53,49.53,45.61,52.05,1012,41,1.14,187,4.5,0,0.0,0,clear sky
2024,11,18,04:00:00,48.4,47.01,44.49,51.1,1012,43,4.0,117,8.01,0,0.0,0,clear sky
2024,11,18,05:00:00,47.57,44.31,43.5,50.29,1013,43,6.91,100,,0,0.0,0,clear sky
2024,11,18,06:00:00,47.12,43.75,42.89,49.91,1014,43,6.91,100,,0,0.0,0,clear sky
2024,11,18,07:00:00,46.45,44.76,42.75,49.68,1014,45,4.0,57,7.0,0,0.0,0,clear sky
2024,11,18,08:00:00,49.8,47.98,46.36,52.27,1015,43,5.01,126,8.99,0,0.0,0,clear sky
2024,11,18,09:00:00,54.21,51.12,51.62,57.45,1016,38,10.36,120,,0,0.0,0,clear sky
2024,11,18,10:00:00,57.78,54.86,55.2,61.05,1016,34,5.01,30,10.0,0,0.0,0,clear sky
2024,11,18,11:00:00,61.32,58.57,58.75,64.29,1016,30,3.0,65,7.0,0,0.0,0,clear sky
2024,11,18,12:00:00,63.9,61.25,61.75,66.49,1014,27,4.0,153,8.01,0,0.0,0,clear sky
2024,11,18,13:00:00,65.88,63.25,63.59,68.27,1013,23,4.0,98,8.01,0,0.0,0,clear sky
2024,11,18,14:00:00,66.94,64.31,64.85,69.51,1012,21,3.44,320,,0,0.0,0,clear sky
2024,11,18,15:00:00,68.09,65.59,65.75,70.63,1011,21,3.0,225,5.99,0,0.0,0,clear sky
2024,11,18,16:00:00,67.84,65.26,65.34,70.27,1011,20,3.44,50,,20,0.0,0,few clouds
2024,11,18,17:00:00,65.89,63.21,63.36,67.77,1011,22,1.99,326,4.0,0,0.0,0,clear sky
2024,11,18,18:00:00,61.39,58.46,58.08,63.64,1011,26,4.81,250,6.33,0,0.0,0,clear sky
2024,11,18,19:00:00,58.37,55.31,54.36,61.05,1012,30,4.14,279,5.17,0,0.0,0,clear sky
2024,11,18,20:00:00,55.81,52.7,51.93,58.68,1012,34,1.99,112,3.0,0,0.0,0,clear sky
2024,11,18,21:00:00,54.81,51.67,50.88,57.7,1012,36,1.99,177,3.0,0,0.0,0,clear sky
2024,11,18,22:00:00,53.47,50.22,49.24,56.82,1013,36,1.99,96,3.0,0,0.0,0,clear sky
2024,11,18,23:00:00,51.89,48.42,47.88,55.27,1014,35,1.99,127,4.0,0,0.0,0,clear sky
2024,11,19,00:00:00,51.67,48.27,47.34,54.68,1014,37,1.99,95,3.0,0,0.0,0,clear sky
2024,11,19,01:00:00,50.47,47.05,46.44,53.82,1014,39,1.41,198,1.54,3,0.0,0,clear sky
2024,11,19,02:00:00,50.07,46.53,45.45,53.82,1014,37,1.99,355,4.0,4,0.0,0,clear sky
2024,11,19,03:00:00,49.3,49.3,44.44,52.92,1014,40,1.68,275,1.57,5,0.0,0,clear sky
2024,11,19,04:00:00,49.23,49.23,43.45,51.04,1014,40,1.57,360,1.81,22,0.0,0,few clouds
2024,11,19,05:00:00,49.08,46.71,44.89,52.14,1015,36,5.75,80,,0,0.0,0,clear sky
2024,11,19,06:00:00,48.65,46.2,44.44,52.29,1015,32,5.75,100,,20,0.0,0,few clouds
2024,11,19,07:00:00,47.95,46.06,43.77,50.49,1016,33,4.61,110,,20,0.0,0,few clouds
2024,11,19,08:00:00,50.81,47.28,46.51,53.82,1017,36,0.0,0,,75,0.0,0,broken clouds
2024,11,19,09:00:00,54.97,51.82,52.52,58.41,1018,35,6.91,130,,75,0.0,0,broken clouds
2024,11,19,10:00:00,58.89,55.99,56.19,62.2,1019,32,4.61,140,,75,0.0,0,broken clouds
2024,11,19,11:00:00,62.26,59.54,59.59,65.16,1019,29,7.0,89,8.01,40,0.0,0,scattered clouds
2024,11,19,12:00:00,65.19,62.64,62.51,67.62,1018,26,4.0,31,5.01,40,0.0,0,scattered clouds
2024,11,19,13:00:00,67.24,64.94,64.92,69.6,1017,27,3.0,272,5.99,25,0.0,0,scattered clouds
2024,11,19,14:00:00,68.81,66.7,66.6,71.06,1017,28,3.0,308,10.0,48,0.0,0,scattered clouds
2024,11,19,15:00:00,69.69,67.62,67.51,71.82,1016,27,1.99,168,3.0,45,0.0,0,scattered clouds
2024,11,19,16:00:00,69.78,67.68,67.75,71.83,1016,26,4.0,280,5.01,45,0.0,0,scattered clouds
2024,11,19,17:00:00,67.91,65.68,66.13,69.8,1016,27,1.01,248,4.0,37,0.0,0,scattered clouds
2024,11,19,18:00:00,63.97,61.52,60.49,66.02,1017,31,1.99,263,3.0,7,0.0,0,clear sky
2024,11,19,19:00:00,60.22,57.6,56.61,62.69,1018,35,3.76,276,4.74,4,0.0,0,clear sky
2024,11,19,20:00:00,58.01,55.29,54.25,60.53,1018,38,3.0,218,3.0,3,0.0,0,clear sky
2024,11,19,21:00:00,56.35,53.62,52.25,59.2,1019,41,1.01,263,3.0,2,0.0,0,clear sky
2024,11,19,22:00:00,55.56,52.75,51.51,58.33,1019,41,2.17,324,1.92,2,0.0,0,clear sky
2024,11,19,23:00:00,55.17,52.36,50.45,58.69,1020,42,2.86,309,2.51,1,0.0,0,clear sky
2024,11,20,00:00:00,54.1,51.24,50.5,57.81,1020,43,2.71,340,3.06,4,0.0,0,clear sky
2024,11,20,01:00:00,53.37,50.52,49.55,56.1,1020,45,3.0,83,5.01,55,0.0,0,broken clouds
2024,11,20,02:00:00,53.37,50.43,49.75,56.62,1020,43,3.71,31,5.91,58,0.0,0,broken clouds
2024,11,20,03:00:00,53.51,50.49,49.32,56.91,1021,41,4.45,46,6.53,46,0.0,0,scattered clouds
2024,11,20,04:00:00,52.72,49.39,48.88,56.08,1021,36,1.99,132,3.0,38,0.0,0,scattered clouds
2024,11,20,05:00:00,52.68,49.1,47.75,56.28,1021,31,3.44,100,,20,0.0,0,few clouds
2024,11,20,06:00:00,51.8,48.38,47.75,55.81,1021,36,3.6,69,5.48,6,0.0,0,clear sky
2024,11,20,07:00:00,51.06,47.52,45.45,54.27,1022,35,2.95,56,4.38,5,0.0,0,clear sky
2024,11,20,08:00:00,52.61,49.41,47.75,55.81,1023,39,3.53,52,5.26,4,0.0,0,clear sky
2024,11,20,09:00:00,56.86,53.89,53.89,61.48,1023,35,1.99,95,3.0,0,0.0,0,clear sky
2024,11,20,10:00:00,62.13,59.41,58.6,65.84,1023,29,1.01,290,1.99,3,0.0,0,clear sky
2024,11,20,11:00:00,66.42,63.84,62.92,70.2,1023,23,3.0,80,8.01,2,0.0,0,clear sky
2024,11,20,12:00:00,70.11,67.75,66.7,73.15,1022,20,6.91,50,,0,0.0,0,clear sky
2024,11,20,13:00:00,73.0,70.84,70.14,75.51,1021,18,7.0,24,8.01,0,0.0,0,clear sky
2024,11,20,14:00:00,74.82,72.75,71.98,77.27,1020,16,3.0,16,5.99,0,0.0,0,clear sky
2024,11,20,15:00:00,76.17,74.19,73.35,78.49,1020,15,3.0,198,5.01,0,0.0,0,clear sky
2024,11,20,16:00:00,76.28,74.26,73.44,78.62,1019,14,5.75,260,,0,0.0,0,clear sky
2024,11,20,17:00:00,74.05,71.96,70.61,76.24,1019,17,2.75,299,2.77,0,0.0,0,clear sky
2024,11,20,18:00:00,68.07,65.61,63.36,71.15,1019,22,1.01,240,3.0,0,0.0,0,clear sky
2024,11,20,19:00:00,63.37,60.58,59.7,66.54,1020,25,1.01,230,3.0,0,0.0,0,clear sky
2024,11,20,20:00:00,61.2,58.28,56.86,64.54,1020,27,2.71,323,2.62,0,0.0,0,clear sky
2024,11,20,21:00:00,60.48,57.45,54.75,64.27,1020,26,3.44,240,,0,0.0,0,clear sky
2024,11,20,22:00:00,60.28,57.13,54.88,63.64,1020,24,2.21,17,2.26,0,0.0,0,clear sky
2024,11,20,23:00:00,60.03,56.86,54.45,63.7,1020,24,0.0,0,,0,0.0,0,clear sky
2024,11,21,00:00:00,58.19,54.99,55.74,62.15,1020,27,3.44,120,,0,0.0,0,clear sky
2024,11,21,01:00:00,58.01,54.68,53.13,61.7,1020,25,3.44,140,,0,0.0,0,clear sky
2024,11,21,02:00:00,59.58,56.26,52.52,63.28,1020,22,3.02,57,3.31,0,0.0,0,clear sky
2024,11,21,03:00:00,58.26,54.82,53.73,62.28,1020,22,4.61,100,,0,0.0,0,clear sky
2024,11,21,04:00:00,56.62,53.06,51.13,61.29,1020,23,4.61,80,,0,0.0,0,clear sky
2024,11,21,05:00:00,53.94,50.4,49.75,56.91,1020,29,0.0,0,,0,0.0,0,clear sky
2024,11,21,06:00:00,53.13,49.46,47.75,58.15,1020,28,0.0,0,,0,0.0,0,clear sky
2024,11,21,07:00:00,54.07,50.45,47.75,57.11,1021,27,4.27,83,4.79,4,0.0,0,clear sky
2024,11,21,08:00:00,55.98,52.39,51.3,59.27,1021,24,1.01,89,3.0,33,0.0,0,scattered clouds
2024,11,21,09:00:00,59.36,56.26,56.59,63.46,1022,27,6.91,110,,75,0.0,0,broken clouds
2024,11,21,10:00:00,63.46,60.64,60.26,67.51,1022,24,8.05,100,,75,0.0,0,broken clouds
2024,11,21,11:00:00,68.67,66.16,64.92,72.3,1022,20,9.22,70,,75,0.0,0,broken clouds
2024,11,21,12:00:00,72.52,70.27,69.44,75.61,1021,17,5.75,80,,75,0.0,0,broken clouds
2024,11,21,13:00:00,75.47,73.42,72.91,78.19,1019,15,5.75,360,,75,0.0,0,broken clouds
2024,11,21,14:00:00,77.76,75.94,75.43,80.69,1018,15,1.99,33,10.0,100,0.0,0,overcast clouds
2024,11,21,15:00:00,79.14,79.14,76.75,81.82,1017,14,1.01,320,3.0,94,0.0,0,overcast clouds
2024,11,21,16:00:00,79.03,79.03,76.6,81.82,1017,14,2.19,317,1.7,77,0.0,0,broken clouds
2024,11,21,17:00:00,75.81,73.85,71.53,78.4,1017,16,1.92,303,1.59,71,0.0,0,broken clouds
2024,11,21,18:00:00,70.14,67.8,65.82,73.11,1017,20,3.0,261,4.0,0,0.0,0,clear sky
2024,11,21,19:00:00,65.37,62.78,60.85,69.12,1017,25,3.0,199,4.0,0,0.0,0,clear sky
2024,11,21,20:00:00,62.78,59.97,58.39,67.14,1018,26,2.1,315,2.39,0,0.0,0,clear sky
2024,11,21,21:00:00,61.65,58.73,55.58,66.11,1018,26,2.55,348,2.66,0,0.0,0,clear sky
2024,11,21,22:00:00,61.0,58.12,55.4,64.11,1018,28,1.88,20,1.86,1,0.0,0,clear sky
2024,11,21,23:00:00,59.86,56.77,54.75,64.15,1017,26,0.0,0,,0,0.0,0,clear sky
2024,11,22,00:00:00,59.0,55.69,53.51,63.64,1017,23,5.75,100,,0,0.0,0,clear sky
2024,11,22,01:00:00,59.05,55.8,53.46,64.15,1017,24,2.04,43,2.39,2,0.0,0,clear sky
2024,11,22,02:00:00,59.5,56.19,54.52,63.45,1017,22,2.46,38,2.55,1,0.0,0,clear sky
2024,11,22,03:00:00,58.46,55.09,53.28,62.49,1017,23,4.0,73,5.01,2,0.0,0,clear sky
2024,11,22,04:00:00,58.33,54.95,54.27,62.06,1017,23,6.91,120,,20,0.0,0,few clouds
2024,11,22,05:00:00,57.61,54.16,52.77,61.45,1017,23,5.01,109,5.99,20,0.0,0,few clouds
2024,11,22,06:00:00,55.56,52.03,49.55,60.46,1017,26,4.0,124,7.0,0,0.0,0,clear sky
2024,11,22,07:00:00,55.45,51.84,49.51,60.49,1017,24,0.0,0,,20,0.0,0,few clouds
2024,11,22,08:00:00,56.23,52.68,51.35,60.49,1018,24,3.44,100,,20,0.0,0,few clouds
2024,11,22,09:00:00,60.85,57.63,58.55,65.61,1018,21,0.0,0,,20,0.0,0,few clouds
2024,11,22,10:00:00,65.7,62.96,62.2,70.18,1018,21,1.01,140,1.99,20,0.0,0,few clouds
2024,11,22,11:00:00,70.61,68.22,67.44,74.61,1018,18,3.0,51,7.0,0,0.0,0,clear sky
2024,11,22,12:00:00,74.71,72.59,71.11,78.04,1017,15,4.0,71,5.99,0,0.0,0,clear sky
2024,11,22,13:00:00,77.83,75.97,74.39,80.58,1016,14,3.44,320,,20,0.0,0,few clouds
2024,11,22,14:00:00,80.08,78.3,77.45,82.92,1015,13,3.0,93,5.99,0,0.0,0,clear sky
2024,11,22,15:00:00,81.16,79.02,78.35,83.91,1014,12,1.99,110,3.0,0,0.0,0,clear sky
2024,11,22,16:00:00,80.78,78.82,77.76,83.62,1014,14,3.0,139,5.01,0,0.0,0,clear sky
2024,11,22,17:00:00,77.23,75.36,72.36,79.92,1013,15,0.63,26,0.98,0,0.0,0,clear sky
2024,11,22,18:00:00,71.08,68.83,66.51,73.81,1013,20,1.01,196,1.99,0,0.0,0,clear sky
2024,11,22,19:00:00,66.38,63.84,62.4,70.2,1013,24,1.01,144,1.99,0,0.0,0,clear sky
2024,11,22,20:00:00,64.26,61.5,59.16,67.68,1014,24,1.01,223,1.99,0,0.0,0,clear sky
2024,11,22,21:00:00,63.16,60.35,57.61,67.53,1014,25,1.86,341,1.9,0,0.0,0,clear sky
2024,11,22,22:00:00,62.19,59.29,56.41,66.54,1014,25,1.45,337,1.48,0,0.0,0,clear sky
2024,11,22,23:00:00,62.1,59.04,57.43,66.54,1013,22,6.91,90,,0,0.0,0,clear sky
2024,11,23,00:00:00,62.58,59.52,56.75,67.15,1013,21,1.68,129,1.59,0,0.0,0,clear sky
2024,11,23,01:00:00,60.3,57.15,56.75,65.53,1013,24,1.74,137,1.83,0,0.0,0,clear sky
2024,11,23,02:00:00,60.08,56.91,56.28,66.11,1013,24,0.72,118,1.03,0,0.0,0,clear sky
2024,11,23,03:00:00,60.22,56.98,55.13,63.63,1013,22,1.07,68,1.32,0,0.0,0,clear sky
2024,11,23,04:00:00,57.27,53.83,54.64,62.62,1013,24,4.61,80,,0,0.0,0,clear sky
2024,11,23,05:00:00,57.61,54.21,52.92,63.1,1013,24,2.64,87,2.66,0,0.0,0,clear sky
2024,11,23,06:00:00,55.94,52.36,51.93,60.46,1013,24,3.44,140,,0,0.0,0,clear sky
2024,11,23,07:00:00,55.09,51.48,49.55,61.45,1013,25,4.38,91,4.14,0,0.0,0,clear sky
2024,11,23,08:00:00,56.35,52.92,51.35,62.15,1014,26,4.38,84,4.47,0,0.0,0,clear sky
2024,11,23,09:00:00,63.28,60.39,60.04,69.04,1014,23,5.01,111,8.99,0,0.0,0,clear sky
2024,11,23,10:00:00,66.33,63.7,63.61,71.56,1014,22,5.99,75,8.99,0,0.0,0,clear sky
2024,11,23,11:00:00,69.64,67.33,66.63,74.16,1014,22,3.0,57,5.99,0,0.0,0,clear sky
2024,11,23,12:00:00,72.99,70.83,69.4,76.53,1013,18,5.01,70,10.0,0,0.0,0,clear sky
2024,11,23,13:00:00,75.81,73.89,72.59,79.5,1012,17,3.0,68,5.99,0,0.0,0,clear sky
2024,11,23,14:00:00,77.47,75.61,74.68,80.56,1011,15,4.61,260,,20,0.0,0,few clouds
2024,11,23,15:00:00,78.3,76.53,75.74,81.16,1011,15,4.0,320,5.01,2,0.0,0,clear sky
2024,11,23,16:00:00,78.12,76.33,75.36,80.38,1010,15,3.0,226,4.0,9,0.0,0,clear sky
2024,11,23,17:00:00,74.89,72.88,71.83,76.55,1010,17,1.01,318,3.0,25,0.0,0,scattered clouds
2024,11,23,18:00:00,68.5,66.09,64.53,71.2,1010,22,3.4,27,3.29,100,0.0,0,overcast clouds
2024,11,23,19:00:00,64.87,62.22,60.78,67.68,1011,25,1.99,166,3.0,95,0.0,0,overcast clouds
2024,11,23,20:00:00,62.1,59.09,58.32,65.26,1011,23,0.83,146,0.4,65,0.0,0,broken clouds
2024,11,23,21:00:00,61.38,58.44,55.78,64.53,1012,26,3.44,250,,40,0.0,0,scattered clouds
2024,11,23,22:00:00,60.44,57.4,55.26,64.27,1012,26,0.0,0,,40,0.0,0,scattered clouds
2024,11,23,23:00:00,58.96,55.78,54.45,62.15,1012,26,9.22,100,,40,0.0,0,scattered clouds
2024,11,24,00:00:00,59.76,56.61,54.45,63.54,1011,25,2.39,143,2.42,13,0.0,0,few clouds
2024,11,24,01:00:00,58.33,55.18,52.77,62.13,1011,28,0.81,146,1.48,31,0.0,0,scattered clouds
2024,11,24,02:00:00,59.63,56.43,55.78,62.53,1011,24,3.74,130,3.6,44,0.0,0,scattered clouds
2024,11,24,03:00:00,56.03,52.56,54.09,59.11,1011,26,8.05,90,,75,0.0,0,broken clouds
2024,11,24,04:00:00,55.51,51.98,53.08,59.49,1012,26,4.61,100,,40,0.0,0,scattered clouds
2024,11,24,05:00:00,53.76,50.29,51.35,58.5,1012,31,2.89,113,2.42,65,0.0,0,broken clouds
2024,11,24,06:00:00,55.22,51.62,50.07,59.49,1013,25,2.08,106,1.99,100,0.0,0,overcast clouds
2024,11,24,07:00:00,53.96,50.23,48.72,57.45,1013,25,2.77,116,2.64,94,0.0,0,overcast clouds
2024,11,24,08:00:00,54.72,51.15,49.55,60.49,1014,27,4.61,90,,20,0.0,0,few clouds
2024,11,24,09:00:00,61.5,58.53,56.41,67.26,1015,25,2.39,143,3.2,67,0.0,0,broken clouds
2024,11,24,10:00:00,63.99,61.27,61.81,69.15,1015,25,4.61,90,,40,0.0,0,scattered clouds
2024,11,24,11:00:00,67.73,65.19,64.85,71.53,1015,21,4.61,120,,75,0.0,0,broken clouds
2024,11,24,12:00:00,70.68,68.34,67.68,73.62,1014,19,5.75,130,,75,0.0,0,broken clouds
2024,11,24,13:00:00,73.27,71.24,70.92,75.92,1014,20,4.0,67,8.01,35,0.0,0,scattered clouds
2024,11,24,14:00:00,74.71,72.91,72.34,77.27,1013,22,3.0,223,8.99,25,0.0,0,scattered clouds
2024,11,24,15:00:00,75.34,73.62,72.61,78.04,1013,22,4.0,265,10.0,19,0.0,0,few clouds
2024,11,24,16:00:00,74.16,72.5,71.62,76.19,1013,26,3.0,215,5.99,35,0.0,0,scattered clouds
2024,11,24,17:00:00,71.71,69.98,69.4,73.69,1013,30,3.0,271,10.0,45,0.0,0,scattered clouds
2024,11,24,18:00:00,69.35,67.62,66.43,71.37,1014,35,1.99,256,4.0,99,0.0,0,overcast clouds
2024,11,24,19:00:00,67.39,65.61,64.27,69.01,1014,38,3.0,256,4.0,97,0.0,0,overcast clouds
2024,11,24,20:00:00,65.23,63.37,61.92,67.55,1015,41,4.0,194,4.0,98,0.0,0,overcast clouds
2024,11,24,21:00:00,63.79,61.84,59.92,66.56,1016,42,1.99,229,3.0,98,0.0,0,overcast clouds
2024,11,24,22:00:00,62.47,60.4,58.33,65.05,1016,42,4.09,227,6.71,99,0.0,0,overcast clouds
2024,11,24,23:00:00,60.64,58.48,56.41,63.19,1016,44,3.11,233,4.56,99,0.0,0,overcast clouds
2024,11,25,00:00:00,60.46,58.28,55.51,62.73,1017,44,1.01,30,4.0,75,0.0,0,broken clouds
2024,11,25,01:00:00,58.87,56.62,54.32,61.81,1017,46,1.01,6,3.0,100,0.0,0,overcast clouds
2024,11,25,02:00:00,57.99,55.51,53.35,61.54,1017,43,5.75,90,,75,0.0,0,broken clouds
2024,11,25,03:00:00,57.31,54.63,53.49,60.15,1017,40,4.61,100,,75,0.0,0,broken clouds
2024,11,25,04:00:00,57.09,54.52,53.26,59.27,1018,43,1.01,23,5.99,100,0.0,0,overcast clouds
2024,11,25,05:00:00,56.88,54.34,52.34,59.45,1018,44,1.01,101,4.0,100,0.0,0,overcast clouds
2024,11,25,06:00:00,56.41,53.91,52.45,59.45,1018,46,1.74,50,1.79,100,0.0,0,overcast clouds
2024,11,25,07:00:00,55.9,53.35,52.52,59.14,1019,46,4.61,120,,75,0.0,0,broken clouds
2024,11,25,08:00:00,58.21,55.51,55.44,60.82,1020,38,2.35,111,2.26,100,0.0,0,overcast clouds
2024,11,25,09:00:00,61.11,58.84,58.55,64.49,1020,41,4.61,120,,75,0.0,0,broken clouds
2024,11,25,10:00:00,64.74,62.74,61.99,68.29,1021,39,3.0,71,5.01,100,0.0,0,overcast clouds
2024,11,25,11:00:00,68.68,66.81,65.59,72.14,1020,33,4.0,65,7.0,100,0.0,0,overcast clouds
2024,11,25,12:00:00,71.53,69.84,68.76,74.62,1020,31,1.01,59,4.0,99,0.0,0,overcast clouds
2024,11,25,13:00:00,73.92,72.34,71.37,76.15,1019,28,3.44,0,,75,0.0,0,broken clouds
2024,11,25,14:00:00,75.25,73.74,72.91,77.7,1018,27,1.99,243,7.0,99,0.0,0,overcast clouds
